"Date","Price","Open","High","Low","Vol.","Change %"
"12/28/2023","33,200.0","32,880.0","33,200.0","32,800.0","63.78K","0.91%"
"12/27/2023","32,900.0","32,280.0","32,900.0","32,280.0","127.93K","1.86%"
"12/26/2023","32,300.0","31,900.0","32,300.0","31,860.0","62.79K","0.31%"
"12/22/2023","32,200.0","31,880.0","32,300.0","31,640.0","46.85K","-0.31%"
"12/21/2023","32,300.0","31,800.0","32,300.0","31,540.0","137.91K","1.57%"
"12/20/2023","31,800.0","32,000.0","32,440.0","31,660.0","200.98K","-0.56%"
"12/19/2023","31,980.0","32,500.0","32,500.0","31,860.0","109.82K","-1.60%"
"12/18/2023","32,500.0","31,780.0","32,500.0","31,780.0","79.50K","2.20%"
"12/15/2023","31,800.0","31,900.0","31,920.0","31,200.0","706.20K","-0.31%"
"12/14/2023","31,900.0","32,460.0","32,460.0","31,860.0","221.09K","-0.31%"
"12/13/2023","32,000.0","31,000.0","32,000.0","31,000.0","135.56K","2.43%"
"12/12/2023","31,240.0","31,140.0","31,240.0","30,860.0","25.72K","1.10%"
"12/11/2023","30,900.0","30,740.0","31,500.0","30,740.0","74.02K","-3.38%"
"12/07/2023","31,980.0","30,800.0","31,980.0","30,400.0","121.52K","4.78%"
"12/06/2023","30,520.0","31,900.0","31,900.0","30,520.0","68.93K","-4.03%"
"12/05/2023","31,800.0","32,580.0","32,660.0","31,800.0","100.22K","-2.51%"
"12/04/2023","32,620.0","31,400.0","32,620.0","30,800.0","161.70K","3.89%"
"12/01/2023","31,400.0","31,080.0","31,600.0","31,000.0","62.53K","-1.01%"
"11/30/2023","31,720.0","30,400.0","31,720.0","30,100.0","411.74K","4.96%"
"11/29/2023","30,220.0","30,000.0","30,340.0","30,000.0","129.00K","0.07%"
"11/28/2023","30,200.0","30,200.0","30,500.0","30,200.0","119.31K","0.00%"
"11/27/2023","30,200.0","29,660.0","30,200.0","29,600.0","41.25K","1.89%"
"11/24/2023","29,640.0","29,700.0","29,700.0","29,620.0","6.24K","0.14%"
"11/23/2023","29,600.0","30,220.0","30,220.0","29,600.0","11.17K","-1.99%"
"11/22/2023","30,200.0","30,000.0","30,300.0","29,620.0","91.32K","0.67%"
"11/21/2023","30,000.0","29,800.0","30,280.0","29,600.0","33.99K","0.00%"
"11/20/2023","30,000.0","30,400.0","30,400.0","30,000.0","47.29K","-0.66%"
"11/17/2023","30,200.0","30,180.0","30,400.0","30,100.0","55.76K","0.07%"
"11/16/2023","30,180.0","30,240.0","30,300.0","30,180.0","131.99K","-1.69%"
"11/15/2023","30,700.0","30,700.0","30,700.0","30,400.0","73.79K","0.66%"
"11/14/2023","30,500.0","30,700.0","30,700.0","30,500.0","33.25K","-0.65%"
"11/10/2023","30,700.0","30,500.0","30,880.0","30,360.0","51.28K","-0.32%"
"11/09/2023","30,800.0","30,700.0","31,100.0","30,700.0","108.00K","0.06%"
"11/08/2023","30,780.0","30,680.0","30,780.0","30,460.0","74.22K","-0.23%"
"11/07/2023","30,850.0","29,800.0","30,850.0","29,780.0","315.81K","2.83%"
"11/03/2023","30,000.0","29,320.0","30,000.0","29,320.0","51.98K","3.48%"
"11/02/2023","28,990.0","28,600.0","29,000.0","28,400.0","93.01K","3.31%"
"11/01/2023","28,060.0","29,790.0","29,790.0","28,060.0","91.97K","-4.40%"
"10/31/2023","29,350.0","29,410.0","29,690.0","29,240.0","36.45K","0.00%"
"10/30/2023","29,350.0","29,650.0","29,650.0","29,240.0","28.54K","0.41%"
"10/27/2023","29,230.0","28,670.0","29,340.0","28,670.0","29.73K","2.53%"
"10/26/2023","28,510.0","29,690.0","29,780.0","28,510.0","101.64K","-3.75%"
"10/25/2023","29,620.0","29,600.0","29,950.0","29,600.0","68.62K","0.30%"
"10/24/2023","29,530.0","29,800.0","30,240.0","29,530.0","71.42K","-0.71%"
"10/23/2023","29,740.0","29,900.0","30,300.0","29,340.0","76.16K","-0.54%"
"10/20/2023","29,900.0","31,010.0","31,410.0","29,900.0","166.47K","-3.08%"
"10/19/2023","30,850.0","30,710.0","32,300.0","30,690.0","77.95K","-2.96%"
"10/18/2023","31,790.0","30,350.0","31,790.0","30,110.0","60.47K","4.88%"
"10/17/2023","30,310.0","30,490.0","30,980.0","30,290.0","112.04K","-0.56%"
"10/13/2023","30,480.0","30,800.0","30,800.0","30,390.0","32.75K","0.93%"
"10/12/2023","30,200.0","30,050.0","30,390.0","29,930.0","55.77K","0.00%"
"10/11/2023","30,200.0","30,200.0","30,500.0","30,040.0","95.88K","-3.21%"
"10/10/2023","31,200.0","31,200.0","31,480.0","30,920.0","128.29K","-0.61%"
"10/09/2023","31,390.0","30,000.0","31,390.0","30,000.0","15.88K","4.63%"
"10/06/2023","30,000.0","29,690.0","30,000.0","29,110.0","57.53K","1.69%"
"10/05/2023","29,500.0","30,210.0","30,210.0","29,500.0","58.82K","-3.75%"
"10/04/2023","30,650.0","30,250.0","31,460.0","30,250.0","25.97K","-2.70%"
"10/03/2023","31,500.0","30,800.0","31,750.0","30,800.0","131.85K","1.61%"
"10/02/2023","31,000.0","30,820.0","31,000.0","30,500.0","17.69K","0.62%"
"09/29/2023","30,810.0","31,100.0","31,100.0","30,800.0","270.91K","-1.25%"
"09/28/2023","31,200.0","31,200.0","31,200.0","30,890.0","153.48K","0.65%"
"09/27/2023","31,000.0","31,220.0","31,560.0","31,000.0","167.02K","-3.13%"
"09/26/2023","32,000.0","31,000.0","32,000.0","30,700.0","245.52K","0.00%"
"09/25/2023","32,000.0","32,790.0","32,790.0","31,200.0","73.59K","2.17%"
"09/22/2023","31,320.0","31,330.0","32,320.0","31,320.0","182.16K","-2.13%"
"09/21/2023","32,000.0","32,000.0","32,000.0","31,430.0","571.62K","-2.74%"
"09/20/2023","32,900.0","31,700.0","32,900.0","31,660.0","721.79K","3.39%"
"09/19/2023","31,820.0","31,590.0","32,000.0","31,300.0","112.17K","0.35%"
"09/18/2023","31,710.0","31,560.0","32,000.0","31,410.0","495.94K","-3.88%"
"09/15/2023","32,990.0","30,000.0","32,990.0","29,280.0","2.10M","9.97%"
"09/14/2023","30,000.0","28,800.0","30,190.0","28,620.0","120.48K","0.00%"
"09/13/2023","30,000.0","30,000.0","30,860.0","29,980.0","180.75K","0.00%"
"09/12/2023","30,000.0","28,450.0","30,000.0","28,450.0","80.51K","6.01%"
"09/11/2023","28,300.0","28,310.0","28,450.0","27,440.0","38.75K","0.00%"
"09/08/2023","28,300.0","29,000.0","29,000.0","28,010.0","21.27K","-2.41%"
"09/07/2023","29,000.0","27,790.0","29,400.0","27,710.0","76.98K","6.62%"
"09/06/2023","27,200.0","26,710.0","27,410.0","26,700.0","165.07K","-0.15%"
"09/05/2023","27,240.0","28,600.0","28,600.0","27,240.0","65.84K","-4.42%"
"09/04/2023","28,500.0","28,710.0","28,710.0","28,500.0","4.44K","-0.70%"
"09/01/2023","28,700.0","28,900.0","29,440.0","28,510.0","73.09K","-1.37%"
"08/31/2023","29,100.0","29,100.0","29,390.0","29,000.0","555.98K","-1.36%"
"08/30/2023","29,500.0","29,490.0","29,600.0","29,030.0","124.67K","1.83%"
"08/29/2023","28,970.0","28,600.0","28,970.0","28,400.0","103.72K","2.37%"
"08/28/2023","28,300.0","29,300.0","29,300.0","28,300.0","101.76K","-1.39%"
"08/25/2023","28,700.0","29,150.0","29,400.0","28,700.0","128.03K","-1.71%"
"08/24/2023","29,200.0","29,500.0","29,800.0","29,200.0","195.25K","0.17%"
"08/23/2023","29,150.0","29,030.0","29,720.0","29,020.0","176.50K","0.48%"
"08/22/2023","29,010.0","30,250.0","30,900.0","29,010.0","172.67K","-5.04%"
"08/18/2023","30,550.0","30,890.0","31,300.0","30,550.0","67.51K","-1.26%"
"08/17/2023","30,940.0","31,300.0","31,300.0","30,500.0","118.22K","-0.35%"
"08/16/2023","31,050.0","31,090.0","31,580.0","30,820.0","120.73K","0.81%"
"08/15/2023","30,800.0","31,680.0","31,700.0","30,800.0","20.62K","-3.45%"
"08/14/2023","31,900.0","31,500.0","31,900.0","31,100.0","45.79K","2.57%"
"08/11/2023","31,100.0","31,700.0","32,000.0","31,100.0","68.36K","-1.89%"
"08/10/2023","31,700.0","31,500.0","32,260.0","31,500.0","106.03K","-2.76%"
"08/09/2023","32,600.0","32,860.0","32,860.0","32,320.0","110.52K","-0.76%"
"08/08/2023","32,850.0","33,440.0","33,440.0","32,850.0","72.92K","-1.79%"
"08/04/2023","33,450.0","33,490.0","33,490.0","33,060.0","18.68K","-0.12%"
"08/03/2023","33,490.0","33,600.0","33,600.0","32,800.0","59.47K","2.42%"
"08/02/2023","32,700.0","33,750.0","33,890.0","32,700.0","88.62K","-3.25%"
"08/01/2023","33,800.0","33,470.0","33,800.0","33,470.0","122.56K","1.26%"
"07/31/2023","33,380.0","33,850.0","33,850.0","32,830.0","184.82K","0.24%"
"07/28/2023","33,300.0","32,870.0","33,890.0","32,870.0","27.79K","-0.89%"
"07/27/2023","33,600.0","32,360.0","33,600.0","31,000.0","127.61K","1.82%"
"07/26/2023","33,000.0","32,890.0","33,280.0","32,860.0","129.92K","-1.11%"
"07/25/2023","33,370.0","33,350.0","33,400.0","33,100.0","298.80K","0.82%"
"07/24/2023","33,100.0","33,600.0","33,630.0","32,730.0","146.61K","-1.49%"
"07/21/2023","33,600.0","33,600.0","33,600.0","33,370.0","106.52K","0.00%"
"07/19/2023","33,600.0","33,600.0","34,000.0","33,540.0","234.14K","0.30%"
"07/18/2023","33,500.0","33,300.0","33,880.0","33,300.0","86.19K","0.60%"
"07/17/2023","33,300.0","33,680.0","33,680.0","33,010.0","56.80K","-1.19%"
"07/14/2023","33,700.0","33,300.0","33,700.0","32,800.0","82.83K","1.78%"
"07/13/2023","33,110.0","33,000.0","33,510.0","32,610.0","106.68K","0.33%"
"07/12/2023","33,000.0","31,400.0","33,000.0","31,400.0","89.96K","6.25%"
"07/11/2023","31,060.0","30,860.0","31,380.0","30,860.0","77.63K","0.62%"
"07/10/2023","30,870.0","30,500.0","30,870.0","30,200.0","38.26K","1.55%"
"07/07/2023","30,400.0","30,510.0","30,770.0","30,180.0","237.54K","-0.03%"
"07/06/2023","30,410.0","31,000.0","31,000.0","30,360.0","129.68K","-1.90%"
"07/05/2023","31,000.0","31,490.0","31,790.0","31,000.0","1.64M","-2.08%"
"07/04/2023","31,660.0","31,000.0","31,660.0","30,900.0","25.75K","2.13%"
"06/30/2023","31,000.0","30,470.0","31,010.0","30,320.0","410.57K","1.74%"
"06/29/2023","30,470.0","30,790.0","30,790.0","30,300.0","425.62K","1.84%"
"06/28/2023","29,920.0","30,470.0","30,690.0","29,920.0","61.58K","-1.68%"
"06/27/2023","30,430.0","30,350.0","30,430.0","29,800.0","164.05K","-1.46%"
"06/26/2023","30,880.0","31,700.0","31,700.0","30,880.0","54.30K","-0.52%"
"06/23/2023","31,040.0","30,090.0","31,350.0","30,090.0","37.08K","0.19%"
"06/22/2023","30,980.0","31,000.0","31,890.0","30,630.0","66.55K","-0.39%"
"06/21/2023","31,100.0","31,300.0","31,570.0","31,100.0","45.71K","-1.14%"
"06/20/2023","31,460.0","32,950.0","32,950.0","30,700.0","107.52K","-2.42%"
"06/16/2023","32,240.0","32,400.0","33,250.0","31,550.0","366.50K","-0.52%"
"06/15/2023","32,410.0","32,500.0","32,910.0","32,410.0","124.50K","-1.49%"
"06/14/2023","32,900.0","33,400.0","33,400.0","32,900.0","140.83K","-1.47%"
"06/13/2023","33,390.0","33,190.0","33,680.0","33,000.0","87.65K","0.60%"
"06/09/2023","33,190.0","33,830.0","33,830.0","32,560.0","121.54K","-1.95%"
"06/08/2023","33,850.0","34,940.0","34,940.0","33,690.0","61.15K","-3.29%"
"06/07/2023","35,000.0","33,890.0","35,000.0","33,300.0","406.41K","5.42%"
"06/06/2023","33,200.0","31,700.0","33,700.0","31,700.0","106.49K","5.73%"
"06/05/2023","31,400.0","31,990.0","31,990.0","31,280.0","183.76K","2.61%"
"06/02/2023","30,600.0","29,900.0","30,980.0","29,560.0","226.66K","6.25%"
"06/01/2023","28,800.0","28,000.0","29,480.0","28,000.0","418.48K","3.60%"
"05/31/2023","27,800.0","28,000.0","28,850.0","27,800.0","887.80K","-0.68%"
"05/30/2023","27,990.0","29,300.0","29,300.0","27,990.0","122.73K","-4.73%"
"05/29/2023","29,380.0","29,520.0","29,780.0","29,380.0","534.91K","-0.27%"
"05/26/2023","29,460.0","30,300.0","30,300.0","29,420.0","57.63K","-0.14%"
"05/25/2023","29,500.0","30,980.0","31,000.0","28,580.0","191.24K","-6.23%"
"05/24/2023","31,460.0","31,530.0","31,690.0","31,300.0","60.55K","-0.22%"
"05/23/2023","31,530.0","32,000.0","32,460.0","31,530.0","381.72K","0.00%"
"05/19/2023","31,530.0","32,700.0","33,190.0","31,530.0","119.25K","-3.28%"
"05/18/2023","32,600.0","31,900.0","32,600.0","31,500.0","147.70K","2.19%"
"05/17/2023","31,900.0","32,550.0","32,550.0","31,900.0","176.17K","-0.34%"
"05/16/2023","32,010.0","32,500.0","32,670.0","32,010.0","263.79K","-0.71%"
"05/15/2023","32,240.0","33,820.0","33,820.0","32,240.0","164.26K","-2.89%"
"05/12/2023","33,200.0","33,800.0","34,150.0","33,200.0","365.74K","-1.40%"
"05/11/2023","33,670.0","34,650.0","34,740.0","33,670.0","929.70K","-2.04%"
"05/10/2023","34,370.0","34,650.0","34,650.0","34,370.0","54.39K","-0.66%"
"05/09/2023","34,600.0","34,300.0","34,600.0","34,300.0","30.41K","0.82%"
"05/08/2023","34,320.0","35,000.0","35,000.0","34,120.0","27.69K","-1.94%"
"05/05/2023","35,000.0","35,390.0","35,390.0","34,960.0","172.15K","0.00%"
"05/04/2023","35,000.0","35,430.0","35,530.0","34,610.0","148.95K","0.57%"
"05/03/2023","34,800.0","35,890.0","35,890.0","34,800.0","68.20K","0.00%"
"05/02/2023","34,800.0","35,780.0","35,780.0","34,400.0","65.24K","-3.33%"
"04/28/2023","36,000.0","35,000.0","36,000.0","35,000.0","148.05K","2.53%"
"04/27/2023","35,110.0","36,710.0","36,710.0","35,110.0","38.30K","-5.11%"
"04/26/2023","37,000.0","38,000.0","38,200.0","36,500.0","148.34K","-3.39%"
"04/25/2023","38,300.0","38,500.0","38,500.0","36,700.0","40.86K","-1.03%"
"04/24/2023","38,700.0","38,810.0","38,810.0","38,220.0","80.88K","0.13%"
"04/21/2023","38,650.0","38,520.0","38,840.0","38,140.0","29.93K","-0.59%"
"04/20/2023","38,880.0","38,900.0","39,200.0","38,710.0","117.37K","-0.26%"
"04/19/2023","38,980.0","39,150.0","39,400.0","38,980.0","181.56K","-0.56%"
"04/18/2023","39,200.0","39,800.0","39,800.0","39,150.0","703.04K","-0.78%"
"04/17/2023","39,510.0","38,360.0","39,600.0","38,360.0","223.11K","0.87%"
"04/14/2023","39,170.0","37,400.0","39,170.0","37,400.0","101.29K","4.73%"
"04/13/2023","37,400.0","37,320.0","37,760.0","37,030.0","131.66K","-1.53%"
"04/12/2023","37,980.0","37,200.0","37,980.0","37,200.0","102.03K","2.65%"
"04/11/2023","37,000.0","35,980.0","37,000.0","35,500.0","200.75K","2.83%"
"04/10/2023","35,980.0","35,250.0","35,980.0","35,220.0","103.13K","1.93%"
"04/05/2023","35,300.0","34,900.0","35,300.0","34,090.0","267.76K","1.15%"
"04/04/2023","34,900.0","35,050.0","35,200.0","34,900.0","78.34K","-0.29%"
"04/03/2023","35,000.0","34,980.0","35,200.0","34,600.0","23.86K","0.03%"
"03/31/2023","34,990.0","34,450.0","34,990.0","33,910.0","195.78K","3.83%"
"03/30/2023","33,700.0","33,870.0","33,870.0","33,520.0","35.31K","2.74%"
"03/29/2023","32,800.0","32,910.0","33,000.0","32,560.0","124.72K","1.71%"
"03/28/2023","32,250.0","33,760.0","33,760.0","32,200.0","168.82K","-4.47%"
"03/27/2023","33,760.0","34,000.0","34,410.0","33,750.0","94.28K","-0.71%"
"03/24/2023","34,000.0","32,950.0","34,000.0","32,930.0","39.77K","3.53%"
"03/23/2023","32,840.0","32,920.0","33,210.0","32,200.0","157.87K","-0.18%"
"03/22/2023","32,900.0","33,290.0","33,290.0","32,890.0","94.03K","1.54%"
"03/21/2023","32,400.0","32,590.0","33,450.0","32,010.0","106.34K","3.18%"
"03/17/2023","31,400.0","31,050.0","31,740.0","30,480.0","894.21K","1.26%"
"03/16/2023","31,010.0","31,560.0","32,700.0","31,010.0","253.28K","-1.43%"
"03/15/2023","31,460.0","34,000.0","34,000.0","31,460.0","186.01K","-7.74%"
"03/14/2023","34,100.0","35,100.0","35,500.0","34,100.0","220.38K","-0.03%"
"03/13/2023","34,110.0","35,060.0","35,700.0","34,110.0","120.58K","-6.55%"
"03/10/2023","36,500.0","37,640.0","38,700.0","36,500.0","95.41K","-4.20%"
"03/09/2023","38,100.0","38,500.0","38,500.0","37,730.0","45.77K","-2.31%"
"03/08/2023","39,000.0","38,950.0","39,000.0","38,250.0","86.53K","0.83%"
"03/07/2023","38,680.0","37,900.0","38,950.0","37,900.0","155.39K","2.06%"
"03/06/2023","37,900.0","37,990.0","38,100.0","37,850.0","190.36K","2.05%"
"03/03/2023","37,140.0","37,400.0","38,000.0","36,900.0","175.86K","1.61%"
"03/02/2023","36,550.0","37,450.0","37,450.0","36,550.0","79.19K","0.27%"
"03/01/2023","36,450.0","37,000.0","37,000.0","36,300.0","63.20K","1.53%"
"02/28/2023","35,900.0","37,400.0","37,920.0","35,900.0","1.15M","-4.22%"
"02/27/2023","37,480.0","36,310.0","37,900.0","36,310.0","100.02K","1.30%"
"02/24/2023","37,000.0","38,000.0","38,000.0","36,100.0","45.36K","-0.27%"
"02/23/2023","37,100.0","39,000.0","39,000.0","37,100.0","251.45K","-4.13%"
"02/22/2023","38,700.0","38,800.0","38,940.0","38,500.0","199.82K","-0.26%"
"02/21/2023","38,800.0","37,150.0","39,790.0","37,150.0","57.10K","-1.45%"
"02/20/2023","39,370.0","38,840.0","39,370.0","38,840.0","5.22K","-0.08%"
"02/17/2023","39,400.0","38,420.0","39,400.0","38,420.0","47.36K","0.00%"
"02/16/2023","39,400.0","36,020.0","39,400.0","36,020.0","486.80K","3.68%"
"02/15/2023","38,000.0","38,230.0","38,300.0","36,620.0","199.79K","-0.60%"
"02/14/2023","38,230.0","38,830.0","39,260.0","38,230.0","109.57K","-4.43%"
"02/13/2023","40,000.0","40,500.0","40,670.0","38,700.0","1.79M","-1.23%"
"02/10/2023","40,500.0","41,200.0","41,450.0","40,500.0","31.50K","-2.15%"
"02/09/2023","41,390.0","41,600.0","41,600.0","40,790.0","57.72K","-0.50%"
"02/08/2023","41,600.0","41,820.0","41,900.0","41,270.0","81.98K","-0.48%"
"02/07/2023","41,800.0","41,800.0","41,880.0","41,440.0","220.84K","0.00%"
"02/06/2023","41,800.0","41,810.0","41,860.0","41,650.0","72.13K","0.10%"
"02/03/2023","41,760.0","42,180.0","42,180.0","41,330.0","191.02K","-0.57%"
"02/02/2023","42,000.0","40,710.0","42,000.0","40,710.0","187.77K","0.48%"
"02/01/2023","41,800.0","41,270.0","42,180.0","41,270.0","225.78K","-0.45%"
"01/31/2023","41,990.0","40,800.0","42,200.0","40,800.0","370.55K","0.21%"
"01/30/2023","41,900.0","42,320.0","42,320.0","40,880.0","287.67K","-0.48%"
"01/27/2023","42,100.0","41,920.0","42,500.0","40,730.0","123.73K","0.43%"
"01/26/2023","41,920.0","42,590.0","42,590.0","41,740.0","166.17K","-0.38%"
"01/25/2023","42,080.0","42,410.0","42,410.0","41,880.0","134.07K","0.19%"
"01/24/2023","42,000.0","42,900.0","42,900.0","42,000.0","95.74K","-2.53%"
"01/23/2023","43,090.0","43,490.0","43,490.0","42,910.0","18.86K","-0.92%"
"01/20/2023","43,490.0","42,800.0","43,490.0","42,800.0","68.60K","1.61%"
"01/19/2023","42,800.0","42,980.0","42,980.0","42,700.0","146.93K","-0.42%"
"01/18/2023","42,980.0","43,000.0","43,200.0","42,500.0","115.77K","0.00%"
"01/17/2023","42,980.0","43,000.0","43,090.0","42,700.0","347.67K","-0.05%"
"01/16/2023","43,000.0","43,200.0","43,200.0","42,800.0","40.46K","-1.10%"
"01/13/2023","43,480.0","43,490.0","43,490.0","42,520.0","76.90K","-0.02%"
"01/12/2023","43,490.0","43,990.0","44,000.0","43,170.0","131.40K","-1.16%"
"01/11/2023","44,000.0","43,050.0","44,000.0","42,700.0","162.12K","2.21%"
"01/10/2023","43,050.0","42,940.0","43,830.0","42,010.0","328.74K","2.26%"
"01/06/2023","42,100.0","42,750.0","42,750.0","42,050.0","145.12K","-1.52%"
"01/05/2023","42,750.0","41,500.0","42,790.0","41,500.0","360.54K","1.79%"
"01/04/2023","42,000.0","41,900.0","42,990.0","41,570.0","338.05K","1.45%"
"01/03/2023","41,400.0","41,520.0","41,540.0","41,400.0","62.00K","-0.24%"
"01/02/2023","41,500.0","41,500.0","42,000.0","41,500.0","2.92K","-2.35%"
"12/29/2022","42,500.0","41,400.0","42,500.0","41,010.0","726.18K","2.56%"
"12/28/2022","41,440.0","40,420.0","41,440.0","40,100.0","26.20K","2.55%"
"12/27/2022","40,410.0","40,500.0","40,500.0","40,000.0","227.47K","0.00%"
"12/26/2022","40,410.0","41,000.0","41,100.0","40,410.0","59.66K","-1.68%"
"12/23/2022","41,100.0","40,980.0","41,100.0","40,400.0","110.91K","3.21%"
"12/22/2022","39,820.0","41,490.0","41,490.0","39,820.0","84.98K","-3.11%"
"12/21/2022","41,100.0","41,200.0","41,820.0","41,100.0","328.11K","-0.24%"
"12/20/2022","41,200.0","42,420.0","42,420.0","41,000.0","331.89K","-2.88%"
"12/19/2022","42,420.0","39,700.0","42,420.0","39,700.0","125.07K","1.00%"
"12/16/2022","42,000.0","41,680.0","42,780.0","41,070.0","988.38K","1.45%"
"12/15/2022","41,400.0","40,400.0","41,400.0","40,370.0","59.53K","2.48%"
"12/14/2022","40,400.0","39,870.0","40,490.0","39,650.0","88.61K","0.00%"
"12/13/2022","40,400.0","39,320.0","40,400.0","39,320.0","725.52K","1.00%"
"12/12/2022","40,000.0","40,000.0","40,020.0","39,660.0","106.49K","0.05%"
"12/09/2022","39,980.0","39,070.0","40,000.0","39,070.0","138.96K","1.99%"
"12/07/2022","39,200.0","40,440.0","40,440.0","39,200.0","131.72K","-2.39%"
"12/06/2022","40,160.0","40,790.0","40,790.0","38,900.0","140.45K","0.40%"
"12/05/2022","40,000.0","38,280.0","40,010.0","38,280.0","58.67K","0.00%"
"12/02/2022","40,000.0","38,400.0","40,000.0","38,200.0","155.23K","4.17%"
"12/01/2022","38,400.0","38,640.0","40,000.0","38,400.0","345.91K","-4.00%"
"11/30/2022","40,000.0","40,700.0","41,230.0","39,360.0","1.71M","-1.72%"
"11/29/2022","40,700.0","40,880.0","41,400.0","40,510.0","199.42K","-0.44%"
"11/28/2022","40,880.0","41,010.0","41,070.0","40,500.0","188.00K","-2.43%"
"11/25/2022","41,900.0","41,200.0","41,900.0","40,600.0","205.47K","1.21%"
"11/24/2022","41,400.0","41,650.0","41,700.0","41,020.0","13.95K","-0.48%"
"11/23/2022","41,600.0","41,690.0","41,690.0","40,930.0","148.58K","-0.24%"
"11/22/2022","41,700.0","41,200.0","41,700.0","40,050.0","66.30K","1.21%"
"11/21/2022","41,200.0","41,490.0","41,780.0","40,600.0","211.71K","-0.72%"
"11/18/2022","41,500.0","40,520.0","41,500.0","40,510.0","140.96K","-0.72%"
"11/17/2022","41,800.0","39,200.0","41,800.0","39,200.0","240.64K","1.41%"
"11/16/2022","41,220.0","41,000.0","41,490.0","41,000.0","123.18K","0.54%"
"11/15/2022","41,000.0","39,990.0","41,400.0","39,400.0","243.52K","1.23%"
"11/11/2022","40,500.0","37,650.0","40,500.0","37,200.0","81.81K","2.02%"
"11/10/2022","39,700.0","36,500.0","39,700.0","36,500.0","40.02K","1.79%"
"11/09/2022","39,000.0","37,000.0","39,000.0","36,950.0","164.05K","4.00%"
"11/08/2022","37,500.0","36,840.0","37,500.0","36,430.0","108.63K","1.79%"
"11/04/2022","36,840.0","35,870.0","36,900.0","35,560.0","108.19K","2.33%"
"11/03/2022","36,000.0","35,810.0","36,570.0","35,810.0","95.44K","-3.72%"
"11/02/2022","37,390.0","35,980.0","37,480.0","35,800.0","90.16K","4.15%"
"11/01/2022","35,900.0","35,500.0","35,900.0","35,100.0","49.95K","1.13%"
"10/31/2022","35,500.0","34,600.0","35,500.0","34,600.0","170.27K","1.72%"
"10/28/2022","34,900.0","35,100.0","35,200.0","34,260.0","42.93K","0.32%"
"10/27/2022","34,790.0","34,010.0","34,790.0","33,900.0","102.53K","2.29%"
"10/26/2022","34,010.0","33,700.0","34,500.0","33,700.0","123.12K","-1.42%"
"10/25/2022","34,500.0","33,900.0","34,500.0","32,900.0","133.65K","5.25%"
"10/24/2022","32,780.0","35,180.0","35,370.0","32,780.0","73.78K","-6.56%"
"10/21/2022","35,080.0","34,300.0","35,080.0","34,200.0","61.94K","1.83%"
"10/20/2022","34,450.0","34,460.0","35,000.0","34,000.0","63.49K","-0.03%"
"10/19/2022","34,460.0","34,050.0","35,040.0","34,050.0","125.93K","-2.93%"
"10/18/2022","35,500.0","34,600.0","35,500.0","34,130.0","73.41K","4.41%"
"10/14/2022","34,000.0","34,470.0","34,560.0","34,000.0","100.41K","0.83%"
"10/13/2022","33,720.0","34,500.0","34,500.0","33,720.0","75.00K","-1.40%"
"10/12/2022","34,200.0","33,520.0","34,350.0","33,520.0","53.77K","0.00%"
"10/11/2022","34,200.0","34,350.0","34,420.0","34,200.0","15.27K","-0.23%"
"10/10/2022","34,280.0","35,480.0","35,480.0","34,280.0","48.60K","-3.44%"
"10/07/2022","35,500.0","34,690.0","35,500.0","34,000.0","66.67K","1.75%"
"10/06/2022","34,890.0","34,740.0","35,000.0","34,210.0","45.65K","0.95%"
"10/05/2022","34,560.0","33,200.0","34,560.0","33,200.0","42.91K","0.20%"
"10/04/2022","34,490.0","33,940.0","34,890.0","33,590.0","25.20K","5.54%"
"10/03/2022","32,680.0","31,510.0","32,740.0","31,510.0","82.12K","5.08%"
"09/30/2022","31,100.0","32,000.0","32,250.0","31,100.0","160.88K","-2.45%"
"09/29/2022","31,880.0","30,770.0","32,240.0","29,000.0","72.72K","0.35%"
"09/28/2022","31,770.0","32,200.0","32,240.0","31,100.0","80.70K","-1.46%"
"09/27/2022","32,240.0","33,750.0","33,750.0","31,500.0","59.25K","4.10%"
"09/26/2022","30,970.0","33,100.0","33,100.0","30,970.0","53.20K","-6.46%"
"09/23/2022","33,110.0","34,900.0","34,900.0","33,110.0","37.12K","-5.24%"
"09/22/2022","34,940.0","34,400.0","34,940.0","34,300.0","243.47K","2.16%"
"09/21/2022","34,200.0","36,000.0","36,000.0","33,900.0","468.03K","3.32%"
"09/20/2022","33,100.0","34,200.0","34,200.0","33,100.0","111.59K","-0.42%"
"09/19/2022","33,240.0","33,900.0","34,200.0","33,240.0","98.50K","-1.95%"
"09/16/2022","33,900.0","32,960.0","33,900.0","32,960.0","437.65K","1.92%"
"09/15/2022","33,260.0","33,400.0","33,500.0","33,210.0","35.12K","0.15%"
"09/14/2022","33,210.0","35,000.0","35,000.0","33,210.0","121.52K","-2.29%"
"09/13/2022","33,990.0","34,010.0","34,650.0","33,990.0","153.09K","0.77%"
"09/12/2022","33,730.0","33,800.0","34,290.0","33,630.0","110.97K","0.66%"
"09/09/2022","33,510.0","33,290.0","33,950.0","33,290.0","80.40K","2.07%"
"09/07/2022","32,830.0","33,800.0","33,800.0","32,800.0","78.75K","-3.44%"
"09/06/2022","34,000.0","34,100.0","34,370.0","33,200.0","86.70K","-1.16%"
"09/05/2022","34,400.0","34,600.0","34,780.0","34,250.0","10.32K","0.58%"
"09/02/2022","34,200.0","34,500.0","34,900.0","34,100.0","91.20K","0.88%"
"09/01/2022","33,900.0","34,500.0","34,500.0","33,900.0","196.78K","-0.88%"
"08/31/2022","34,200.0","35,750.0","35,760.0","34,200.0","1.18M","-7.52%"
"08/30/2022","36,980.0","37,000.0","37,000.0","35,550.0","176.96K","-0.19%"
"08/29/2022","37,050.0","36,890.0","37,550.0","36,710.0","168.80K","-2.37%"
"08/26/2022","37,950.0","37,800.0","37,950.0","37,030.0","128.76K","0.40%"
"08/25/2022","37,800.0","36,450.0","37,970.0","34,000.0","141.41K","3.56%"
"08/24/2022","36,500.0","37,390.0","37,390.0","35,560.0","87.51K","0.00%"
"08/23/2022","36,500.0","37,200.0","37,290.0","36,120.0","196.55K","-0.87%"
"08/22/2022","36,820.0","37,990.0","37,990.0","36,430.0","63.46K","-3.11%"
"08/19/2022","38,000.0","38,500.0","38,500.0","38,000.0","90.63K","-2.44%"
"08/18/2022","38,950.0","39,000.0","39,000.0","38,500.0","79.01K","-0.13%"
"08/17/2022","39,000.0","39,490.0","39,490.0","38,540.0","61.33K","-1.52%"
"08/16/2022","39,600.0","39,450.0","40,380.0","39,450.0","414.06K","-0.75%"
"08/12/2022","39,900.0","38,090.0","39,900.0","38,090.0","154.25K","4.75%"
"08/11/2022","38,090.0","37,800.0","38,090.0","37,600.0","152.71K","1.03%"
"08/10/2022","37,700.0","37,500.0","38,300.0","37,140.0","153.35K","0.53%"
"08/09/2022","37,500.0","37,980.0","39,630.0","37,220.0","150.90K","-1.26%"
"08/08/2022","37,980.0","36,650.0","37,980.0","36,650.0","127.27K","2.65%"
"08/05/2022","37,000.0","36,380.0","37,000.0","35,830.0","54.19K","0.82%"
"08/04/2022","36,700.0","35,400.0","36,700.0","35,000.0","406.96K","5.22%"
"08/03/2022","34,880.0","34,800.0","35,690.0","34,550.0","176.17K","0.26%"
"08/02/2022","34,790.0","34,990.0","35,200.0","34,500.0","232.11K","0.00%"
"08/01/2022","34,790.0","35,030.0","35,030.0","34,420.0","137.31K","-3.33%"
"07/29/2022","35,990.0","37,660.0","37,660.0","35,990.0","161.31K","-5.29%"
"07/28/2022","38,000.0","35,780.0","38,000.0","35,750.0","76.24K","5.88%"
"07/27/2022","35,890.0","35,900.0","35,900.0","35,500.0","34.86K","0.59%"
"07/26/2022","35,680.0","35,250.0","35,680.0","34,600.0","27.36K","3.36%"
"07/25/2022","34,520.0","35,000.0","35,350.0","34,520.0","35.37K","-2.29%"
"07/22/2022","35,330.0","35,500.0","35,500.0","35,000.0","313.39K","0.94%"
"07/21/2022","35,000.0","34,620.0","35,000.0","34,280.0","135.31K","0.00%"
"07/19/2022","35,000.0","34,100.0","35,000.0","34,000.0","140.71K","1.45%"
"07/18/2022","34,500.0","32,000.0","34,600.0","32,000.0","87.67K","3.36%"
"07/15/2022","33,380.0","33,030.0","33,380.0","31,910.0","112.73K","1.15%"
"07/14/2022","33,000.0","33,680.0","33,680.0","31,600.0","189.36K","-1.87%"
"07/13/2022","33,630.0","35,000.0","35,100.0","33,630.0","53.80K","-4.73%"
"07/12/2022","35,300.0","35,270.0","35,700.0","34,640.0","157.86K","0.89%"
"07/11/2022","34,990.0","35,000.0","35,500.0","34,600.0","127.83K","-1.41%"
"07/08/2022","35,490.0","35,500.0","35,680.0","34,610.0","41.24K","0.60%"
"07/07/2022","35,280.0","35,110.0","35,330.0","34,510.0","84.95K","0.80%"
"07/06/2022","35,000.0","35,000.0","35,710.0","34,500.0","401.93K","0.00%"
"07/05/2022","35,000.0","34,300.0","35,330.0","34,000.0","503.84K","2.64%"
"07/01/2022","34,100.0","34,650.0","34,650.0","33,740.0","742.29K","1.67%"
"06/30/2022","33,540.0","35,690.0","35,690.0","33,540.0","679.07K","-4.31%"
"06/29/2022","35,050.0","36,400.0","36,400.0","34,990.0","934.79K","-3.71%"
"06/28/2022","36,400.0","37,000.0","37,480.0","36,320.0","192.87K","-1.62%"
"06/24/2022","37,000.0","37,400.0","37,690.0","37,000.0","358.51K","0.00%"
"06/23/2022","37,000.0","37,700.0","37,940.0","36,900.0","189.28K","-2.12%"
"06/22/2022","37,800.0","39,500.0","39,500.0","37,800.0","179.82K","-1.82%"
"06/21/2022","38,500.0","39,000.0","39,000.0","36,780.0","97.57K","-2.78%"
"06/17/2022","39,600.0","40,000.0","40,900.0","39,600.0","1.06M","-2.22%"
"06/16/2022","40,500.0","40,890.0","41,130.0","40,080.0","99.77K","-1.03%"
"06/15/2022","40,920.0","41,900.0","42,400.0","40,920.0","146.85K","-2.34%"
"06/14/2022","41,900.0","41,250.0","41,900.0","40,000.0","144.38K","4.23%"
"06/13/2022","40,200.0","41,800.0","43,170.0","40,200.0","102.91K","-7.59%"
"06/10/2022","43,500.0","42,430.0","43,500.0","42,310.0","193.30K","1.99%"
"06/09/2022","42,650.0","42,200.0","42,730.0","42,190.0","110.67K","0.88%"
"06/08/2022","42,280.0","42,790.0","42,790.0","41,910.0","140.68K","-1.21%"
"06/07/2022","42,800.0","44,000.0","44,000.0","42,800.0","126.82K","-2.73%"
"06/06/2022","44,000.0","43,480.0","44,000.0","43,200.0","170.32K","2.11%"
"06/03/2022","43,090.0","44,000.0","44,000.0","43,090.0","63.44K","-1.69%"
"06/02/2022","43,830.0","44,360.0","44,400.0","43,640.0","113.91K","0.67%"
"06/01/2022","43,540.0","45,290.0","45,600.0","43,540.0","312.72K","-3.93%"
"05/31/2022","45,320.0","43,950.0","45,700.0","43,950.0","3.87M","3.12%"
"05/27/2022","43,950.0","41,110.0","44,000.0","41,110.0","337.87K","4.67%"
"05/26/2022","41,990.0","41,440.0","42,420.0","41,440.0","224.72K","1.94%"
"05/25/2022","41,190.0","40,970.0","42,190.0","40,970.0","237.53K","0.66%"
"05/24/2022","40,920.0","39,470.0","40,920.0","39,140.0","277.27K","3.81%"
"05/23/2022","39,420.0","39,190.0","39,420.0","38,700.0","264.74K","2.39%"
"05/20/2022","38,500.0","36,290.0","38,500.0","36,000.0","604.12K","10.00%"
"05/19/2022","35,000.0","37,320.0","37,330.0","35,000.0","664.24K","-6.17%"
"05/18/2022","37,300.0","38,630.0","38,630.0","37,270.0","331.87K","-3.44%"
"05/17/2022","38,630.0","38,330.0","39,180.0","38,330.0","186.28K","0.78%"
"05/16/2022","38,330.0","39,590.0","39,840.0","38,330.0","324.33K","-2.12%"
"05/13/2022","39,160.0","39,730.0","39,960.0","39,010.0","455.83K","0.33%"
"05/12/2022","39,030.0","39,600.0","39,740.0","39,000.0","1.23M","-0.18%"
"05/11/2022","39,100.0","39,500.0","40,100.0","39,100.0","339.28K","-1.01%"
"05/10/2022","39,500.0","39,010.0","40,090.0","39,010.0","344.69K","0.89%"
"05/09/2022","39,150.0","40,900.0","40,900.0","39,110.0","77.52K","-1.63%"
"05/06/2022","39,800.0","41,340.0","41,500.0","39,800.0","187.46K","-3.73%"
"05/05/2022","41,340.0","41,810.0","42,100.0","41,340.0","142.20K","-1.81%"
"05/04/2022","42,100.0","41,160.0","42,420.0","41,000.0","119.43K","2.31%"
"05/02/2022","41,150.0","42,480.0","42,480.0","40,500.0","132.29K","6.00%"
"04/29/2022","38,820.0","42,490.0","42,560.0","38,820.0","74.98K","-7.57%"
"04/28/2022","42,000.0","42,780.0","43,400.0","41,490.0","89.15K","0.24%"
"04/27/2022","41,900.0","41,420.0","42,400.0","41,300.0","83.58K","2.44%"
"04/26/2022","40,900.0","41,170.0","42,220.0","40,900.0","361.11K","-0.24%"
"04/25/2022","41,000.0","42,550.0","42,550.0","41,000.0","322.53K","-5.31%"
"04/22/2022","43,300.0","44,000.0","44,500.0","43,000.0","358.64K","0.70%"
"04/21/2022","43,000.0","43,400.0","44,320.0","43,000.0","183.63K","-3.37%"
"04/20/2022","44,500.0","43,360.0","44,500.0","42,950.0","222.83K","3.49%"
"04/19/2022","43,000.0","43,690.0","43,690.0","42,700.0","231.19K","-0.58%"
"04/18/2022","43,250.0","43,700.0","43,800.0","43,250.0","75.38K","-1.03%"
"04/13/2022","43,700.0","43,590.0","43,700.0","42,820.0","207.92K","2.13%"
"04/12/2022","42,790.0","43,800.0","44,000.0","42,790.0","192.36K","-2.31%"
"04/11/2022","43,800.0","42,550.0","43,800.0","42,550.0","63.57K","2.94%"
"04/08/2022","42,550.0","43,800.0","43,800.0","42,550.0","264.28K","-2.85%"
"04/07/2022","43,800.0","43,700.0","43,800.0","42,510.0","242.78K","0.97%"
"04/06/2022","43,380.0","43,800.0","43,800.0","42,740.0","219.76K","-0.96%"
"04/05/2022","43,800.0","43,420.0","44,000.0","42,540.0","26.10K","0.92%"
"04/04/2022","43,400.0","43,300.0","43,600.0","43,300.0","54.84K","-0.48%"
"04/01/2022","43,610.0","42,480.0","43,680.0","42,480.0","213.17K","0.53%"
"03/31/2022","43,380.0","42,070.0","43,380.0","42,000.0","161.60K","3.78%"
"03/30/2022","41,800.0","42,360.0","42,360.0","41,600.0","135.93K","-1.32%"
"03/29/2022","42,360.0","42,000.0","42,370.0","42,000.0","97.57K","0.14%"
"03/28/2022","42,300.0","41,000.0","42,300.0","41,000.0","95.47K","0.14%"
"03/25/2022","42,240.0","41,920.0","42,350.0","41,800.0","289.98K","0.81%"
"03/24/2022","41,900.0","41,990.0","41,990.0","41,530.0","186.12K","0.96%"
"03/23/2022","41,500.0","40,380.0","41,500.0","40,380.0","409.72K","3.23%"
"03/22/2022","40,200.0","39,700.0","40,350.0","39,700.0","398.53K","1.34%"
"03/18/2022","39,670.0","38,250.0","39,700.0","38,250.0","1.17M","1.46%"
"03/17/2022","39,100.0","38,970.0","39,350.0","38,910.0","170.80K","0.64%"
"03/16/2022","38,850.0","38,110.0","38,850.0","38,100.0","166.89K","1.70%"
"03/15/2022","38,200.0","38,620.0","38,750.0","38,200.0","84.67K","-0.29%"
"03/14/2022","38,310.0","38,360.0","39,180.0","38,250.0","156.75K","-2.22%"
"03/11/2022","39,180.0","39,510.0","39,510.0","38,850.0","111.43K","-0.31%"
"03/10/2022","39,300.0","39,080.0","39,400.0","38,620.0","199.16K","0.56%"
"03/09/2022","39,080.0","39,000.0","39,700.0","38,940.0","139.84K","0.21%"
"03/08/2022","39,000.0","39,500.0","39,950.0","39,000.0","66.71K","-1.52%"
"03/07/2022","39,600.0","40,000.0","40,000.0","39,480.0","120.24K","-1.00%"
"03/04/2022","40,000.0","40,200.0","40,200.0","39,460.0","191.93K","0.03%"
"03/03/2022","39,990.0","40,000.0","40,340.0","39,570.0","312.98K","0.35%"
"03/02/2022","39,850.0","39,940.0","40,500.0","39,530.0","99.60K","-0.10%"
"03/01/2022","39,890.0","39,040.0","39,950.0","39,040.0","326.17K","2.18%"
"02/28/2022","39,040.0","39,500.0","40,300.0","39,040.0","386.00K","-0.51%"
"02/25/2022","39,240.0","38,990.0","39,470.0","38,600.0","454.29K","0.64%"
"02/24/2022","38,990.0","38,300.0","38,990.0","37,100.0","309.99K","1.09%"
"02/23/2022","38,570.0","38,000.0","38,680.0","37,860.0","586.07K","4.53%"
"02/22/2022","36,900.0","37,760.0","37,760.0","36,900.0","89.90K","-1.05%"
"02/21/2022","37,290.0","37,060.0","37,680.0","36,890.0","33.00K","0.62%"
"02/18/2022","37,060.0","37,900.0","37,990.0","36,600.0","129.82K","-2.27%"
"02/17/2022","37,920.0","37,400.0","37,920.0","37,270.0","125.90K","-0.52%"
"02/16/2022","38,120.0","37,940.0","38,700.0","37,900.0","258.56K","0.34%"
"02/15/2022","37,990.0","36,700.0","37,990.0","36,010.0","203.62K","1.31%"
"02/14/2022","37,500.0","36,010.0","37,690.0","36,010.0","273.69K","2.18%"
"02/11/2022","36,700.0","36,700.0","36,880.0","36,250.0","382.61K","0.88%"
"02/10/2022","36,380.0","37,970.0","38,050.0","36,330.0","324.36K","-4.19%"
"02/09/2022","37,970.0","37,840.0","38,250.0","37,500.0","82.71K","0.37%"
"02/08/2022","37,830.0","38,910.0","39,110.0","37,780.0","89.72K","-2.75%"
"02/07/2022","38,900.0","39,260.0","40,000.0","38,900.0","105.20K","-0.23%"
"02/04/2022","38,990.0","39,000.0","39,220.0","38,850.0","145.50K","-0.03%"
"02/03/2022","39,000.0","38,750.0","39,100.0","36,340.0","133.89K","-0.51%"
"02/02/2022","39,200.0","39,020.0","39,470.0","38,900.0","373.65K","0.49%"
"02/01/2022","39,010.0","40,190.0","40,190.0","38,800.0","163.99K","-1.24%"
"01/31/2022","39,500.0","40,500.0","40,630.0","39,500.0","145.05K","-0.28%"
"01/28/2022","39,610.0","39,630.0","40,200.0","39,020.0","163.92K","1.30%"
"01/27/2022","39,100.0","39,500.0","39,500.0","38,900.0","75.39K","0.26%"
"01/26/2022","39,000.0","39,990.0","40,490.0","39,000.0","72.98K","-2.01%"
"01/25/2022","39,800.0","39,980.0","39,990.0","39,100.0","249.52K","-0.50%"
"01/24/2022","40,000.0","37,800.0","40,000.0","37,770.0","106.70K","2.96%"
"01/21/2022","38,850.0","40,200.0","40,200.0","38,820.0","530.93K","-3.60%"
"01/20/2022","40,300.0","42,000.0","42,000.0","40,080.0","129.71K","-4.50%"
"01/19/2022","42,200.0","42,000.0","42,820.0","41,030.0","1.03M","0.36%"
"01/18/2022","42,050.0","38,900.0","42,500.0","38,600.0","1.77M","9.76%"
"01/17/2022","38,310.0","37,000.0","38,810.0","37,000.0","930.25K","5.02%"
"01/14/2022","36,480.0","36,670.0","37,400.0","36,000.0","950.32K","-2.98%"
"01/13/2022","37,600.0","35,380.0","37,880.0","35,300.0","494.87K","6.27%"
"01/12/2022","35,380.0","34,850.0","35,380.0","34,850.0","288.54K","1.67%"
"01/11/2022","34,800.0","33,080.0","34,800.0","33,080.0","133.63K","1.75%"
"01/07/2022","34,200.0","33,860.0","34,200.0","33,500.0","25.32K","1.00%"
"01/06/2022","33,860.0","32,870.0","33,860.0","31,800.0","53.67K","-0.41%"
"01/05/2022","34,000.0","34,800.0","34,800.0","33,810.0","31.62K","-2.41%"
"01/04/2022","34,840.0","34,490.0","34,840.0","34,490.0","34.99K","0.99%"
"01/03/2022","34,500.0","34,600.0","34,600.0","34,000.0","8.35K","-0.58%"
"12/30/2021","34,700.0","34,700.0","34,700.0","33,980.0","44.95K","0.00%"
"12/29/2021","34,700.0","33,300.0","34,700.0","32,700.0","46.85K","4.24%"
"12/28/2021","33,290.0","32,960.0","33,290.0","32,790.0","34.65K","1.00%"
"12/27/2021","32,960.0","32,500.0","33,260.0","32,500.0","7.81K","-1.26%"
"12/24/2021","33,380.0","32,750.0","33,700.0","32,700.0","12.96K","1.15%"
"12/23/2021","33,000.0","33,490.0","33,680.0","33,000.0","107.98K","-2.02%"
"12/22/2021","33,680.0","33,390.0","33,680.0","32,400.0","76.05K","3.63%"
"12/21/2021","32,500.0","33,300.0","33,600.0","32,500.0","264.25K","-3.56%"
"12/20/2021","33,700.0","32,990.0","33,890.0","32,290.0","101.61K","-1.35%"
"12/17/2021","34,160.0","34,490.0","34,500.0","32,530.0","618.99K","0.47%"
"12/16/2021","34,000.0","33,100.0","34,000.0","33,000.0","159.40K","4.33%"
"12/15/2021","32,590.0","33,320.0","33,320.0","31,710.0","47.25K","3.43%"
"12/14/2021","31,510.0","31,800.0","31,800.0","31,100.0","102.23K","1.97%"
"12/13/2021","30,900.0","31,790.0","33,110.0","30,900.0","49.13K","-4.10%"
"12/10/2021","32,220.0","32,220.0","32,500.0","32,100.0","50.06K","-1.17%"
"12/09/2021","32,600.0","30,300.0","33,300.0","30,300.0","152.74K","0.93%"
"12/07/2021","32,300.0","34,570.0","34,570.0","32,300.0","399.60K","-6.40%"
"12/06/2021","34,510.0","34,600.0","35,200.0","34,510.0","183.64K","-1.40%"
"12/03/2021","35,000.0","35,130.0","36,490.0","35,000.0","216.79K","-2.45%"
"12/02/2021","35,880.0","34,000.0","35,880.0","34,000.0","446.52K","4.00%"
"12/01/2021","34,500.0","32,660.0","34,960.0","32,660.0","1.13M","6.58%"
"11/30/2021","32,370.0","30,400.0","32,370.0","30,300.0","669.01K","6.48%"
"11/29/2021","30,400.0","30,350.0","30,700.0","30,210.0","247.78K","1.16%"
"11/26/2021","30,050.0","30,220.0","30,390.0","29,510.0","91.20K","-1.64%"
"11/25/2021","30,550.0","30,800.0","30,800.0","30,500.0","69.41K","0.16%"
"11/24/2021","30,500.0","30,100.0","30,500.0","30,100.0","30.21K","0.66%"
"11/23/2021","30,300.0","30,530.0","30,570.0","30,000.0","26.33K","0.03%"
"11/22/2021","30,290.0","30,400.0","31,460.0","30,290.0","52.03K","0.97%"
"11/19/2021","30,000.0","30,530.0","30,850.0","30,000.0","59.50K","-2.91%"
"11/18/2021","30,900.0","30,790.0","31,110.0","30,660.0","137.33K","0.98%"
"11/17/2021","30,600.0","31,100.0","31,100.0","29,630.0","859.66K","-1.61%"
"11/16/2021","31,100.0","31,940.0","31,940.0","31,040.0","82.53K","-3.30%"
"11/12/2021","32,160.0","31,800.0","32,160.0","31,630.0","33.62K","-0.12%"
"11/11/2021","32,200.0","32,790.0","32,790.0","32,130.0","125.73K","-0.03%"
"11/10/2021","32,210.0","32,880.0","32,880.0","32,110.0","54.00K","-2.04%"
"11/09/2021","32,880.0","33,030.0","33,190.0","32,600.0","197.10K","-1.79%"
"11/08/2021","33,480.0","33,220.0","33,500.0","33,220.0","97.07K","0.06%"
"11/05/2021","33,460.0","33,630.0","33,800.0","33,280.0","116.08K","0.18%"
"11/04/2021","33,400.0","34,200.0","34,200.0","33,400.0","78.99K","-1.76%"
"11/03/2021","34,000.0","34,100.0","34,100.0","33,860.0","142.30K","0.00%"
"11/02/2021","34,000.0","34,000.0","34,100.0","33,750.0","113.48K","0.95%"
"10/29/2021","33,680.0","34,230.0","34,280.0","33,460.0","243.68K","-2.35%"
"10/28/2021","34,490.0","34,300.0","34,490.0","34,120.0","91.76K","0.12%"
"10/27/2021","34,450.0","33,580.0","34,500.0","33,580.0","117.57K","-0.14%"
"10/26/2021","34,500.0","34,050.0","34,500.0","34,050.0","140.74K","0.88%"
"10/25/2021","34,200.0","33,790.0","34,200.0","33,510.0","59.08K","2.21%"
"10/22/2021","33,460.0","34,180.0","34,300.0","33,460.0","52.73K","-1.70%"
"10/21/2021","34,040.0","34,400.0","34,400.0","33,780.0","115.18K","-0.56%"
"10/20/2021","34,230.0","33,700.0","34,390.0","33,700.0","69.48K","0.29%"
"10/19/2021","34,130.0","34,250.0","34,480.0","34,020.0","89.84K","-1.24%"
"10/15/2021","34,560.0","33,600.0","34,940.0","33,600.0","298.46K","0.52%"
"10/14/2021","34,380.0","33,200.0","34,380.0","33,200.0","227.15K","3.62%"
"10/13/2021","33,180.0","32,620.0","33,180.0","32,590.0","111.14K","2.03%"
"10/12/2021","32,520.0","32,900.0","32,940.0","32,520.0","58.06K","-2.43%"
"10/11/2021","33,330.0","33,500.0","33,600.0","33,300.0","41.49K","-0.21%"
"10/08/2021","33,400.0","33,490.0","33,780.0","33,260.0","94.03K","-0.24%"
"10/07/2021","33,480.0","33,000.0","33,510.0","33,000.0","184.61K","1.45%"
"10/06/2021","33,000.0","32,810.0","33,000.0","32,320.0","110.70K","-0.30%"
"10/05/2021","33,100.0","32,900.0","33,380.0","32,900.0","36.96K","-0.54%"
"10/04/2021","33,280.0","32,950.0","33,290.0","32,950.0","76.07K","0.85%"
"10/01/2021","33,000.0","32,960.0","33,260.0","32,940.0","74.76K","0.12%"
"09/30/2021","32,960.0","32,010.0","32,960.0","32,010.0","126.96K","0.86%"
"09/29/2021","32,680.0","32,120.0","32,830.0","31,920.0","100.53K","0.80%"
"09/28/2021","32,420.0","32,000.0","32,490.0","31,700.0","170.65K","0.15%"
"09/27/2021","32,370.0","31,200.0","32,370.0","31,200.0","248.70K","4.83%"
"09/24/2021","30,880.0","30,690.0","30,880.0","30,400.0","56.37K","0.78%"
"09/23/2021","30,640.0","30,670.0","30,760.0","30,500.0","132.32K","0.46%"
"09/22/2021","30,500.0","30,700.0","30,760.0","30,500.0","86.91K","-0.23%"
"09/21/2021","30,570.0","31,000.0","31,080.0","30,570.0","322.40K","-1.07%"
"09/20/2021","30,900.0","31,280.0","31,280.0","30,710.0","69.09K","-1.28%"
"09/17/2021","31,300.0","31,180.0","31,500.0","30,770.0","1.01M","0.38%"
"09/16/2021","31,180.0","30,940.0","31,180.0","30,900.0","85.61K","-0.06%"
"09/15/2021","31,200.0","31,060.0","31,290.0","31,060.0","156.20K","0.65%"
"09/14/2021","31,000.0","30,520.0","31,000.0","30,520.0","68.80K","0.65%"
"09/13/2021","30,800.0","31,060.0","31,100.0","30,480.0","72.13K","-1.57%"
"09/10/2021","31,290.0","31,250.0","31,290.0","31,130.0","16.94K","-0.32%"
"09/09/2021","31,390.0","30,900.0","31,390.0","30,900.0","59.49K","1.19%"
"09/08/2021","31,020.0","31,000.0","31,080.0","30,800.0","174.19K","0.06%"
"09/07/2021","31,000.0","31,070.0","31,280.0","31,000.0","18.92K","-0.83%"
"09/06/2021","31,260.0","31,100.0","31,260.0","31,000.0","19.91K","-0.45%"
"09/03/2021","31,400.0","31,200.0","31,400.0","30,980.0","36.75K","0.64%"
"09/02/2021","31,200.0","31,300.0","31,400.0","31,150.0","74.49K","-0.32%"
"09/01/2021","31,300.0","31,330.0","31,600.0","31,050.0","144.66K","0.74%"
"08/31/2021","31,070.0","31,330.0","31,330.0","31,070.0","511.41K","-0.83%"
"08/30/2021","31,330.0","31,000.0","31,500.0","30,810.0","120.38K","0.42%"
"08/27/2021","31,200.0","30,980.0","31,200.0","30,920.0","83.53K","1.30%"
"08/26/2021","30,800.0","31,160.0","31,240.0","30,620.0","51.14K","-1.69%"
"08/25/2021","31,330.0","31,400.0","31,400.0","30,900.0","86.25K","-0.22%"
"08/24/2021","31,400.0","31,320.0","31,590.0","31,310.0","84.84K","-0.25%"
"08/23/2021","31,480.0","31,400.0","31,500.0","31,350.0","97.13K","0.67%"
"08/20/2021","31,270.0","31,680.0","31,680.0","31,100.0","125.77K","-1.04%"
"08/19/2021","31,600.0","31,300.0","31,600.0","30,310.0","217.36K","0.70%"
"08/18/2021","31,380.0","30,270.0","31,500.0","30,270.0","333.16K","2.89%"
"08/17/2021","30,500.0","29,400.0","30,500.0","29,400.0","204.87K","3.01%"
"08/13/2021","29,610.0","28,980.0","29,680.0","28,980.0","137.34K","2.14%"
"08/12/2021","28,990.0","28,500.0","29,800.0","28,500.0","380.25K","2.80%"
"08/11/2021","28,200.0","28,040.0","28,200.0","27,910.0","118.05K","1.44%"
"08/10/2021","27,800.0","27,520.0","27,950.0","27,520.0","59.26K","1.02%"
"08/09/2021","27,520.0","27,310.0","27,760.0","27,310.0","39.15K","0.99%"
"08/06/2021","27,250.0","27,530.0","27,630.0","27,000.0","66.02K","-1.02%"
"08/05/2021","27,530.0","28,100.0","28,200.0","27,530.0","54.00K","-2.34%"
"08/04/2021","28,190.0","27,580.0","28,190.0","27,570.0","149.12K","1.99%"
"08/03/2021","27,640.0","27,320.0","27,690.0","27,320.0","143.40K","-0.22%"
"08/02/2021","27,700.0","27,850.0","27,850.0","27,220.0","49.73K","2.21%"
"07/30/2021","27,100.0","27,760.0","27,760.0","27,100.0","123.51K","-2.24%"
"07/29/2021","27,720.0","28,290.0","28,290.0","27,720.0","59.22K","-0.29%"
"07/28/2021","27,800.0","28,300.0","28,310.0","27,710.0","61.35K","-0.79%"
"07/27/2021","28,020.0","28,110.0","28,400.0","28,020.0","456.10K","-0.99%"
"07/26/2021","28,300.0","28,330.0","28,480.0","27,730.0","646.17K","0.11%"
"07/23/2021","28,270.0","28,000.0","28,270.0","28,000.0","735.55K","0.60%"
"07/22/2021","28,100.0","28,100.0","28,100.0","27,730.0","1.27M","1.01%"
"07/21/2021","27,820.0","27,900.0","28,180.0","27,820.0","226.02K","2.28%"
"07/19/2021","27,200.0","27,920.0","27,920.0","27,200.0","80.39K","-2.82%"
"07/16/2021","27,990.0","28,100.0","28,150.0","27,870.0","92.62K","-0.04%"
"07/15/2021","28,000.0","28,200.0","28,280.0","27,750.0","123.31K","-0.36%"
"07/14/2021","28,100.0","28,200.0","28,200.0","27,730.0","71.80K","0.11%"
"07/13/2021","28,070.0","28,390.0","28,390.0","27,860.0","61.07K","-0.39%"
"07/12/2021","28,180.0","28,100.0","28,450.0","27,650.0","286.25K","0.28%"
"07/09/2021","28,100.0","28,000.0","28,280.0","27,710.0","275.82K","1.77%"
"07/08/2021","27,610.0","27,500.0","27,990.0","27,500.0","192.88K","0.04%"
"07/07/2021","27,600.0","27,000.0","27,840.0","26,760.0","73.51K","2.18%"
"07/06/2021","27,010.0","27,500.0","27,710.0","27,000.0","69.03K","-1.78%"
"07/02/2021","27,500.0","26,050.0","27,500.0","25,700.0","163.66K","5.44%"
"07/01/2021","26,080.0","26,800.0","26,800.0","26,070.0","186.55K","-1.21%"
"06/30/2021","26,400.0","26,670.0","26,910.0","26,300.0","275.90K","0.15%"
"06/29/2021","26,360.0","27,000.0","27,170.0","26,360.0","85.26K","-2.55%"
"06/28/2021","27,050.0","27,560.0","27,560.0","26,950.0","118.71K","-2.28%"
"06/25/2021","27,680.0","27,740.0","27,740.0","27,200.0","183.96K","1.02%"
"06/24/2021","27,400.0","27,000.0","27,650.0","27,000.0","77.79K","1.90%"
"06/23/2021","26,890.0","27,200.0","27,290.0","26,890.0","82.12K","-0.96%"
"06/22/2021","27,150.0","27,430.0","27,500.0","27,150.0","53.25K","-1.24%"
"06/21/2021","27,490.0","27,350.0","27,740.0","27,280.0","87.48K","-1.12%"
"06/18/2021","27,800.0","27,500.0","27,800.0","27,300.0","408.93K","1.09%"
"06/17/2021","27,500.0","27,620.0","27,780.0","27,440.0","88.60K","-0.54%"
"06/16/2021","27,650.0","27,950.0","27,950.0","27,650.0","31.83K","-0.18%"
"06/15/2021","27,700.0","28,100.0","28,530.0","27,520.0","220.51K","-2.19%"
"06/11/2021","28,320.0","28,100.0","28,480.0","27,930.0","284.57K","0.78%"
"06/10/2021","28,100.0","28,490.0","28,520.0","28,010.0","182.97K","-0.85%"
"06/09/2021","28,340.0","28,200.0","28,340.0","27,730.0","406.67K","0.53%"
"06/08/2021","28,190.0","27,800.0","28,190.0","27,220.0","184.66K","1.40%"
"06/04/2021","27,800.0","28,000.0","28,000.0","27,500.0","56.53K","-1.91%"
"06/03/2021","28,340.0","27,800.0","28,340.0","27,700.0","97.55K","1.94%"
"06/02/2021","27,800.0","28,000.0","28,000.0","27,220.0","220.90K","0.32%"
"06/01/2021","27,710.0","27,490.0","27,930.0","27,480.0","118.94K","2.63%"
"05/31/2021","27,000.0","27,780.0","27,780.0","27,000.0","257.45K","-1.10%"
"05/28/2021","27,300.0","27,600.0","27,900.0","27,000.0","339.14K","-0.73%"
"05/27/2021","27,500.0","27,200.0","27,680.0","27,200.0","3.85M","1.10%"
"05/26/2021","27,200.0","27,450.0","27,450.0","27,200.0","47.35K","-1.05%"
"05/25/2021","27,490.0","27,410.0","27,530.0","27,170.0","118.85K","0.33%"
"05/24/2021","27,400.0","27,600.0","27,770.0","27,200.0","123.03K","-1.12%"
"05/21/2021","27,710.0","27,900.0","28,480.0","27,540.0","330.31K","-0.61%"
"05/20/2021","27,880.0","28,100.0","28,100.0","27,390.0","235.49K","-1.31%"
"05/19/2021","28,250.0","28,400.0","28,400.0","27,960.0","117.66K","-0.53%"
"05/18/2021","28,400.0","28,700.0","28,800.0","28,260.0","119.84K","-1.93%"
"05/14/2021","28,960.0","28,200.0","28,960.0","28,200.0","234.74K","3.76%"
"05/13/2021","27,910.0","28,500.0","28,600.0","27,910.0","645.00K","-2.62%"
"05/12/2021","28,660.0","28,080.0","28,660.0","28,080.0","1.31M","-0.97%"
"05/11/2021","28,940.0","29,300.0","29,300.0","28,600.0","171.77K","-1.96%"
"05/10/2021","29,520.0","29,230.0","29,610.0","29,230.0","338.40K","2.00%"
"05/07/2021","28,940.0","28,500.0","28,950.0","28,330.0","523.63K","1.47%"
"05/06/2021","28,520.0","27,890.0","28,520.0","27,410.0","334.89K","3.11%"
"05/05/2021","27,660.0","27,500.0","28,200.0","27,330.0","219.98K","2.07%"
"05/04/2021","27,100.0","27,010.0","27,800.0","26,800.0","60.73K","-1.09%"
"05/03/2021","27,400.0","28,300.0","28,300.0","27,030.0","39.83K","-1.86%"
"04/30/2021","27,920.0","28,430.0","28,480.0","27,920.0","278.78K","-2.04%"
"04/29/2021","28,500.0","28,960.0","29,540.0","28,460.0","116.35K","-1.72%"
"04/28/2021","29,000.0","29,500.0","29,950.0","29,000.0","345.50K","-1.76%"
"04/27/2021","29,520.0","29,000.0","29,520.0","29,000.0","175.99K","1.83%"
"04/26/2021","28,990.0","29,290.0","29,290.0","28,800.0","134.85K","0.66%"
"04/23/2021","28,800.0","29,320.0","29,320.0","28,700.0","88.46K","-1.91%"
"04/22/2021","29,360.0","29,640.0","29,670.0","29,250.0","111.65K","-1.48%"
"04/21/2021","29,800.0","29,840.0","29,850.0","29,700.0","110.10K","-1.65%"
"04/20/2021","30,300.0","29,760.0","30,300.0","29,400.0","181.66K","0.80%"
"04/19/2021","30,060.0","30,100.0","30,330.0","29,700.0","70.62K","-0.92%"
"04/16/2021","30,340.0","30,020.0","30,650.0","30,020.0","175.61K","-1.65%"
"04/15/2021","30,850.0","29,450.0","30,850.0","29,450.0","292.40K","3.25%"
"04/14/2021","29,880.0","29,600.0","29,900.0","29,470.0","288.57K","1.74%"
"04/13/2021","29,370.0","29,930.0","29,930.0","29,200.0","128.58K","-1.87%"
"04/12/2021","29,930.0","30,460.0","30,460.0","29,670.0","76.76K","-2.51%"
"04/09/2021","30,700.0","30,300.0","30,700.0","30,240.0","474.15K","1.32%"
"04/08/2021","30,300.0","29,700.0","30,320.0","29,640.0","419.82K","1.00%"
"04/07/2021","30,000.0","29,430.0","30,000.0","29,400.0","234.48K","1.94%"
"04/06/2021","29,430.0","29,360.0","29,600.0","29,110.0","265.18K","0.24%"
"04/05/2021","29,360.0","29,210.0","29,370.0","28,920.0","58.31K","2.12%"
"03/31/2021","28,750.0","29,030.0","29,150.0","28,500.0","330.76K","-0.96%"
"03/30/2021","29,030.0","29,100.0","29,470.0","28,850.0","321.80K","-0.58%"
"03/29/2021","29,200.0","29,500.0","29,500.0","29,100.0","228.59K","-1.02%"
"03/26/2021","29,500.0","30,400.0","30,400.0","29,480.0","240.70K","-2.64%"
"03/25/2021","30,300.0","30,000.0","30,300.0","29,500.0","256.05K","1.00%"
"03/24/2021","30,000.0","29,900.0","30,200.0","29,900.0","206.32K","0.64%"
"03/23/2021","29,810.0","29,200.0","29,840.0","29,200.0","589.98K","2.09%"
"03/19/2021","29,200.0","29,800.0","30,050.0","29,200.0","960.69K","-2.01%"
"03/18/2021","29,800.0","29,710.0","30,090.0","29,500.0","71.28K","0.34%"
"03/17/2021","29,700.0","30,760.0","30,760.0","29,700.0","565.80K","-1.13%"
"03/16/2021","30,040.0","30,450.0","30,500.0","30,040.0","89.92K","-1.18%"
"03/15/2021","30,400.0","30,300.0","30,810.0","30,190.0","141.43K","-0.39%"
"03/12/2021","30,520.0","30,400.0","30,520.0","30,100.0","46.71K","1.19%"
"03/11/2021","30,160.0","30,420.0","30,500.0","30,110.0","91.95K","0.07%"
"03/10/2021","30,140.0","30,170.0","30,300.0","30,000.0","169.98K","-0.10%"
"03/09/2021","30,170.0","29,830.0","30,170.0","29,490.0","120.28K","1.41%"
"03/08/2021","29,750.0","30,010.0","30,010.0","29,620.0","57.93K","-0.83%"
"03/05/2021","30,000.0","30,400.0","30,680.0","30,000.0","124.80K","-1.25%"
"03/04/2021","30,380.0","30,250.0","30,500.0","30,150.0","74.13K","0.26%"
"03/03/2021","30,300.0","30,460.0","30,550.0","30,300.0","171.51K","-0.49%"
"03/02/2021","30,450.0","30,710.0","30,710.0","30,420.0","39.83K","-0.85%"
"03/01/2021","30,710.0","31,250.0","31,300.0","30,500.0","200.82K","-2.20%"
"02/26/2021","31,400.0","29,980.0","31,400.0","29,490.0","459.81K","4.67%"
"02/25/2021","30,000.0","30,800.0","31,300.0","30,000.0","534.67K","-5.66%"
"02/24/2021","31,800.0","31,000.0","31,800.0","30,910.0","377.71K","2.42%"
"02/23/2021","31,050.0","31,300.0","31,300.0","30,900.0","294.64K","0.16%"
"02/22/2021","31,000.0","30,800.0","31,500.0","30,720.0","86.83K","-0.32%"
"02/19/2021","31,100.0","31,100.0","31,100.0","30,700.0","62.72K","0.68%"
"02/18/2021","30,890.0","31,190.0","31,190.0","30,650.0","130.44K","-0.99%"
"02/17/2021","31,200.0","31,390.0","31,390.0","30,640.0","90.91K","0.97%"
"02/16/2021","30,900.0","31,190.0","31,740.0","30,900.0","224.67K","0.00%"
"02/15/2021","30,900.0","31,090.0","31,170.0","30,900.0","42.82K","0.16%"
"02/12/2021","30,850.0","31,290.0","31,300.0","30,700.0","244.73K","-0.68%"
"02/11/2021","31,060.0","31,400.0","31,500.0","31,000.0","56.63K","-1.43%"
"02/10/2021","31,510.0","31,800.0","31,900.0","31,450.0","224.97K","-0.57%"
"02/09/2021","31,690.0","31,650.0","31,840.0","31,600.0","646.21K","0.13%"
"02/08/2021","31,650.0","31,400.0","32,000.0","31,400.0","204.27K","0.48%"
"02/05/2021","31,500.0","31,720.0","31,740.0","31,500.0","46.42K","1.61%"
"02/04/2021","31,000.0","31,000.0","31,120.0","30,600.0","333.63K","0.00%"
"02/03/2021","31,000.0","31,000.0","31,800.0","31,000.0","440.58K","-1.93%"
"02/02/2021","31,610.0","31,600.0","31,810.0","31,600.0","508.56K","1.28%"
"02/01/2021","31,210.0","31,600.0","31,600.0","31,000.0","554.09K","1.99%"
"01/29/2021","30,600.0","29,900.0","31,300.0","29,900.0","1.59M","2.34%"
"01/28/2021","29,900.0","30,050.0","30,440.0","29,900.0","338.75K","-0.33%"
"01/27/2021","30,000.0","30,650.0","30,650.0","30,000.0","455.43K","-2.60%"
"01/26/2021","30,800.0","30,800.0","31,220.0","30,320.0","194.15K","1.05%"
"01/25/2021","30,480.0","31,150.0","31,460.0","30,350.0","409.31K","-2.18%"
"01/22/2021","31,160.0","31,970.0","31,980.0","31,110.0","466.36K","-3.08%"
"01/21/2021","32,150.0","33,100.0","33,100.0","31,610.0","179.68K","-0.80%"
"01/20/2021","32,410.0","32,900.0","33,240.0","32,270.0","213.03K","-1.37%"
"01/19/2021","32,860.0","33,460.0","33,670.0","32,800.0","190.65K","-1.76%"
"01/18/2021","33,450.0","33,140.0","33,450.0","33,000.0","73.21K","1.06%"
"01/15/2021","33,100.0","34,200.0","34,200.0","33,100.0","112.70K","-3.72%"
"01/14/2021","34,380.0","34,580.0","34,780.0","34,200.0","58.71K","-0.58%"
"01/13/2021","34,580.0","34,400.0","34,900.0","34,220.0","510.98K","-1.20%"
"01/12/2021","35,000.0","34,880.0","35,080.0","34,420.0","369.94K","-0.28%"
"01/08/2021","35,100.0","34,010.0","35,100.0","34,010.0","218.05K","2.30%"
"01/07/2021","34,310.0","34,700.0","34,780.0","34,310.0","102.60K","0.62%"
"01/06/2021","34,100.0","34,520.0","34,990.0","34,000.0","280.54K","-4.40%"
"01/05/2021","35,670.0","33,800.0","35,670.0","33,500.0","180.07K","6.48%"
"01/04/2021","33,500.0","34,580.0","34,580.0","33,500.0","60.03K","-4.23%"
"12/30/2020","34,980.0","34,540.0","35,300.0","34,540.0","90.72K","0.29%"
"12/29/2020","34,880.0","34,400.0","34,920.0","34,400.0","41.90K","1.10%"
"12/28/2020","34,500.0","34,650.0","35,000.0","34,310.0","31.87K","-0.43%"
"12/24/2020","34,650.0","34,200.0","34,650.0","34,090.0","8.29K","1.79%"
"12/23/2020","34,040.0","34,110.0","34,500.0","34,040.0","189.48K","-0.96%"
"12/22/2020","34,370.0","33,080.0","34,400.0","33,030.0","104.38K","3.96%"
"12/21/2020","33,060.0","34,000.0","34,190.0","32,700.0","344.43K","-5.27%"
"12/18/2020","34,900.0","35,400.0","35,800.0","34,900.0","988.58K","-0.85%"
"12/17/2020","35,200.0","34,000.0","35,200.0","33,930.0","267.94K","3.50%"
"12/16/2020","34,010.0","33,730.0","34,290.0","33,160.0","168.00K","0.83%"
"12/15/2020","33,730.0","32,700.0","33,790.0","32,700.0","361.29K","3.15%"
"12/14/2020","32,700.0","32,150.0","32,980.0","31,750.0","327.91K","2.19%"
"12/11/2020","32,000.0","31,750.0","32,200.0","31,000.0","353.94K","0.88%"
"12/10/2020","31,720.0","32,400.0","33,450.0","31,620.0","240.22K","-1.80%"
"12/09/2020","32,300.0","31,450.0","32,300.0","31,300.0","281.02K","5.21%"
"12/07/2020","30,700.0","30,600.0","31,260.0","30,230.0","157.30K","0.33%"
"12/04/2020","30,600.0","29,380.0","30,900.0","29,380.0","178.00K","4.08%"
"12/03/2020","29,400.0","28,790.0","29,400.0","28,680.0","165.59K","2.08%"
"12/02/2020","28,800.0","28,110.0","28,800.0","28,110.0","211.96K","2.13%"
"12/01/2020","28,200.0","28,000.0","28,340.0","28,000.0","102.02K","1.88%"
"11/30/2020","27,680.0","27,560.0","27,900.0","27,410.0","1.16M","0.65%"
"11/27/2020","27,500.0","27,600.0","27,790.0","27,400.0","208.29K","-0.33%"
"11/26/2020","27,590.0","27,420.0","27,740.0","27,400.0","111.35K","-0.40%"
"11/25/2020","27,700.0","28,500.0","28,500.0","27,700.0","338.17K","-2.12%"
"11/24/2020","28,300.0","28,200.0","28,470.0","28,200.0","241.95K","0.35%"
"11/23/2020","28,200.0","27,700.0","28,200.0","27,500.0","459.51K","1.88%"
"11/20/2020","27,680.0","26,760.0","27,680.0","26,760.0","360.22K","2.14%"
"11/19/2020","27,100.0","26,980.0","27,280.0","26,720.0","122.87K","0.37%"
"11/18/2020","27,000.0","26,900.0","27,360.0","26,690.0","663.35K","0.93%"
"11/17/2020","26,750.0","26,700.0","27,300.0","26,550.0","274.78K","1.60%"
"11/13/2020","26,330.0","26,000.0","26,500.0","26,000.0","126.63K","1.50%"
"11/12/2020","25,940.0","26,300.0","26,500.0","25,940.0","265.40K","-3.14%"
"11/11/2020","26,780.0","26,640.0","26,780.0","26,450.0","77.87K","1.06%"
"11/10/2020","26,500.0","26,000.0","26,700.0","26,000.0","114.15K","-1.05%"
"11/09/2020","26,780.0","25,570.0","26,780.0","25,570.0","395.67K","5.02%"
"11/06/2020","25,500.0","25,110.0","25,500.0","24,900.0","193.21K","1.27%"
"11/05/2020","25,180.0","25,180.0","25,300.0","25,130.0","87.54K","0.76%"
"11/04/2020","24,990.0","25,000.0","25,140.0","24,900.0","71.36K","0.77%"
"11/03/2020","24,800.0","24,950.0","25,060.0","24,750.0","48.10K","1.22%"
"10/30/2020","24,500.0","24,600.0","24,600.0","23,900.0","462.13K","2.17%"
"10/29/2020","23,980.0","24,100.0","24,100.0","23,320.0","191.18K","-0.21%"
"10/28/2020","24,030.0","25,100.0","25,120.0","24,030.0","362.58K","-6.46%"
"10/27/2020","25,690.0","25,510.0","25,690.0","25,240.0","268.56K","-0.81%"
"10/26/2020","25,900.0","24,800.0","25,900.0","24,740.0","215.98K","3.64%"
"10/23/2020","24,990.0","24,950.0","25,150.0","24,900.0","78.07K","-0.40%"
"10/22/2020","25,090.0","25,660.0","25,660.0","24,900.0","275.86K","-2.22%"
"10/21/2020","25,660.0","25,500.0","25,790.0","25,500.0","57.79K","-0.54%"
"10/20/2020","25,800.0","25,300.0","25,800.0","25,300.0","179.65K","2.50%"
"10/19/2020","25,170.0","24,320.0","25,170.0","24,320.0","181.60K","3.45%"
"10/16/2020","24,330.0","24,360.0","24,470.0","24,160.0","530.34K","0.12%"
"10/15/2020","24,300.0","24,400.0","24,500.0","24,300.0","217.17K","-2.72%"
"10/14/2020","24,980.0","24,410.0","24,980.0","24,050.0","281.83K","1.54%"
"10/13/2020","24,600.0","24,900.0","24,980.0","24,350.0","140.36K","-5.31%"
"10/09/2020","25,980.0","25,460.0","25,980.0","25,140.0","55.31K","2.04%"
"10/08/2020","25,460.0","25,070.0","25,460.0","24,800.0","76.20K","3.24%"
"10/07/2020","24,660.0","24,810.0","24,810.0","24,560.0","66.54K","-1.83%"
"10/06/2020","25,120.0","24,300.0","25,160.0","24,300.0","443.82K","3.93%"
"10/05/2020","24,170.0","24,760.0","24,780.0","24,130.0","163.90K","-1.35%"
"10/02/2020","24,500.0","24,000.0","24,560.0","24,000.0","41.14K","1.41%"
"10/01/2020","24,160.0","24,700.0","24,700.0","24,000.0","233.30K","-0.49%"
"09/30/2020","24,280.0","24,800.0","24,800.0","23,960.0","194.71K","-0.74%"
"09/29/2020","24,460.0","24,900.0","25,000.0","24,400.0","456.15K","-1.77%"
"09/28/2020","24,900.0","25,040.0","25,200.0","24,820.0","82.84K","-1.19%"
"09/25/2020","25,200.0","24,980.0","25,200.0","24,960.0","54.20K","0.88%"
"09/24/2020","24,980.0","24,780.0","25,240.0","24,780.0","165.14K","-0.08%"
"09/23/2020","25,000.0","25,220.0","25,240.0","24,700.0","72.34K","0.81%"
"09/22/2020","24,800.0","25,360.0","25,360.0","24,800.0","238.44K","-2.13%"
"09/21/2020","25,340.0","25,500.0","25,500.0","25,100.0","142.79K","-3.28%"
"09/18/2020","26,200.0","25,320.0","26,200.0","25,300.0","539.26K","1.95%"
"09/17/2020","25,700.0","25,300.0","25,700.0","25,000.0","156.27K","1.34%"
"09/16/2020","25,360.0","25,360.0","25,900.0","25,300.0","160.90K","0.08%"
"09/15/2020","25,340.0","25,620.0","25,700.0","25,340.0","205.32K","-1.02%"
"09/14/2020","25,600.0","26,180.0","26,580.0","25,600.0","148.16K","-2.14%"
"09/11/2020","26,160.0","27,160.0","27,160.0","25,900.0","153.10K","-1.36%"
"09/10/2020","26,520.0","27,120.0","27,180.0","26,320.0","159.67K","-2.28%"
"09/09/2020","27,140.0","27,280.0","27,440.0","27,120.0","172.02K","0.37%"
"09/08/2020","27,040.0","27,000.0","27,380.0","27,000.0","29.78K","-1.53%"
"09/07/2020","27,460.0","27,360.0","27,460.0","27,360.0","73.92K","0.73%"
"09/04/2020","27,260.0","27,500.0","27,680.0","27,100.0","88.65K","-0.15%"
"09/03/2020","27,300.0","27,240.0","27,540.0","26,980.0","125.19K","-1.44%"
"09/02/2020","27,700.0","27,500.0","28,000.0","27,500.0","268.55K","1.09%"
"09/01/2020","27,400.0","26,000.0","27,400.0","26,000.0","1.07M","5.38%"
"08/31/2020","26,000.0","26,760.0","26,760.0","26,000.0","154.10K","-2.62%"
"08/28/2020","26,700.0","26,920.0","27,120.0","26,700.0","100.01K","-0.07%"
"08/27/2020","26,720.0","27,180.0","27,180.0","26,680.0","103.46K","-1.04%"
"08/26/2020","27,000.0","26,800.0","27,340.0","26,640.0","227.35K","0.75%"
"08/25/2020","26,800.0","26,360.0","26,980.0","26,300.0","190.27K","2.29%"
"08/24/2020","26,200.0","25,940.0","26,400.0","25,700.0","128.59K","2.26%"
"08/21/2020","25,620.0","25,660.0","25,660.0","25,420.0","83.78K","0.39%"
"08/20/2020","25,520.0","25,000.0","25,520.0","24,900.0","147.82K","1.67%"
"08/19/2020","25,100.0","25,180.0","25,800.0","25,100.0","266.51K","-1.65%"
"08/18/2020","25,520.0","24,780.0","25,520.0","24,780.0","219.05K","1.51%"
"08/14/2020","25,140.0","25,040.0","25,200.0","24,900.0","59.14K","-1.41%"
"08/13/2020","25,500.0","24,800.0","25,500.0","24,800.0","93.65K","2.08%"
"08/12/2020","24,980.0","24,800.0","25,000.0","24,600.0","43.26K","0.81%"
"08/11/2020","24,780.0","25,500.0","26,060.0","24,780.0","130.62K","-2.44%"
"08/10/2020","25,400.0","24,600.0","25,400.0","24,500.0","342.21K","1.60%"
"08/06/2020","25,000.0","25,200.0","25,200.0","24,520.0","292.21K","-1.34%"
"08/05/2020","25,340.0","25,480.0","25,480.0","25,000.0","134.83K","1.36%"
"08/04/2020","25,000.0","25,500.0","25,600.0","25,000.0","303.04K","-2.42%"
"08/03/2020","25,620.0","26,800.0","26,800.0","25,620.0","815.59K","-4.40%"
"07/31/2020","26,800.0","26,420.0","26,800.0","25,800.0","3.07M","1.52%"
"07/30/2020","26,400.0","25,500.0","26,460.0","25,500.0","296.99K","-0.38%"
"07/29/2020","26,500.0","26,360.0","26,580.0","26,000.0","280.60K","0.61%"
"07/28/2020","26,340.0","26,600.0","26,700.0","26,200.0","352.91K","-1.35%"
"07/27/2020","26,700.0","25,680.0","26,700.0","25,680.0","345.47K","4.79%"
"07/24/2020","25,480.0","25,300.0","25,600.0","25,200.0","129.70K","0.00%"
"07/23/2020","25,480.0","24,900.0","25,660.0","24,900.0","212.20K","2.33%"
"07/22/2020","24,900.0","24,700.0","25,180.0","24,680.0","202.37K","1.38%"
"07/21/2020","24,560.0","23,900.0","24,800.0","23,900.0","864.61K","0.49%"
"07/17/2020","24,440.0","24,060.0","24,440.0","24,000.0","115.12K","0.49%"
"07/16/2020","24,320.0","23,860.0","24,500.0","23,800.0","96.72K","1.93%"
"07/15/2020","23,860.0","24,680.0","24,680.0","23,860.0","129.69K","-1.08%"
"07/14/2020","24,120.0","24,560.0","24,560.0","23,900.0","358.26K","-2.27%"
"07/13/2020","24,680.0","25,300.0","25,480.0","24,680.0","157.18K","-1.20%"
"07/10/2020","24,980.0","24,800.0","25,080.0","24,800.0","151.79K","0.73%"
"07/09/2020","24,800.0","25,160.0","25,160.0","24,600.0","113.86K","-2.75%"
"07/08/2020","25,500.0","24,520.0","25,500.0","24,380.0","165.98K","5.72%"
"07/07/2020","24,120.0","24,300.0","24,700.0","24,100.0","229.79K","-1.31%"
"07/06/2020","24,440.0","25,480.0","25,480.0","24,440.0","59.51K","-2.08%"
"07/03/2020","24,960.0","24,940.0","24,960.0","24,900.0","13.40K","1.13%"
"07/02/2020","24,680.0","24,600.0","24,680.0","24,020.0","287.72K","2.83%"
"07/01/2020","24,000.0","24,060.0","24,740.0","23,600.0","67.47K","0.00%"
"06/30/2020","24,000.0","24,700.0","24,700.0","23,800.0","119.48K","0.76%"
"06/26/2020","23,820.0","24,940.0","24,980.0","23,820.0","243.46K","-3.72%"
"06/25/2020","24,740.0","25,000.0","25,000.0","24,500.0","170.83K","-1.04%"
"06/24/2020","25,000.0","25,500.0","25,500.0","24,500.0","145.97K","-1.65%"
"06/23/2020","25,420.0","26,900.0","26,900.0","25,180.0","527.67K","-7.16%"
"06/19/2020","27,380.0","25,600.0","27,380.0","25,500.0","793.17K","6.95%"
"06/18/2020","25,600.0","25,200.0","25,680.0","25,140.0","18.02K","0.95%"
"06/17/2020","25,360.0","25,700.0","25,880.0","25,140.0","265.57K","-0.55%"
"06/16/2020","25,500.0","27,500.0","27,500.0","24,100.0","339.04K","-0.78%"
"06/12/2020","25,700.0","25,260.0","26,600.0","25,220.0","124.05K","1.90%"
"06/11/2020","25,220.0","26,140.0","26,340.0","25,000.0","165.33K","-4.11%"
"06/10/2020","26,300.0","29,200.0","29,200.0","26,300.0","685.69K","-9.31%"
"06/09/2020","29,000.0","29,460.0","29,460.0","28,120.0","231.74K","-2.03%"
"06/08/2020","29,600.0","28,800.0","29,600.0","28,600.0","318.69K","3.50%"
"06/05/2020","28,600.0","27,800.0","28,940.0","26,840.0","260.73K","4.69%"
"06/04/2020","27,320.0","26,520.0","27,320.0","26,460.0","424.14K","1.19%"
"06/03/2020","27,000.0","25,000.0","27,000.0","25,000.0","356.90K","8.00%"
"06/02/2020","25,000.0","25,100.0","25,460.0","25,000.0","221.34K","-0.08%"
"06/01/2020","25,020.0","24,700.0","25,500.0","24,260.0","212.88K","0.08%"
"05/29/2020","25,000.0","23,600.0","25,000.0","23,180.0","2.02M","5.49%"
"05/28/2020","23,700.0","23,880.0","23,900.0","23,600.0","222.70K","-1.17%"
"05/27/2020","23,980.0","22,660.0","23,980.0","22,500.0","726.66K","7.53%"
"05/26/2020","22,300.0","21,500.0","22,680.0","21,500.0","286.48K","5.09%"
"05/22/2020","21,220.0","21,520.0","21,580.0","21,200.0","143.13K","-2.21%"
"05/21/2020","21,700.0","21,780.0","21,860.0","21,480.0","113.82K","0.84%"
"05/20/2020","21,520.0","21,620.0","21,680.0","21,140.0","197.75K","-0.46%"
"05/19/2020","21,620.0","22,300.0","22,300.0","21,500.0","233.59K","-5.18%"
"05/18/2020","22,800.0","22,460.0","22,800.0","21,600.0","384.02K","5.95%"
"05/15/2020","21,520.0","21,300.0","21,780.0","21,300.0","246.86K","0.19%"
"05/14/2020","21,480.0","21,500.0","21,760.0","21,000.0","254.12K","-3.50%"
"05/13/2020","22,260.0","23,180.0","23,180.0","21,700.0","482.26K","-5.28%"
"05/12/2020","23,500.0","23,600.0","23,860.0","23,000.0","386.85K","-0.42%"
"05/11/2020","23,600.0","23,500.0","23,700.0","23,120.0","190.79K","-1.67%"
"05/08/2020","24,000.0","24,240.0","24,360.0","23,540.0","179.81K","-0.99%"
"05/07/2020","24,240.0","24,200.0","24,240.0","23,200.0","198.74K","5.39%"
"05/06/2020","23,000.0","23,720.0","23,720.0","23,000.0","134.03K","-3.04%"
"05/05/2020","23,720.0","24,200.0","24,600.0","23,600.0","186.86K","-1.74%"
"05/04/2020","24,140.0","25,000.0","25,300.0","24,140.0","210.09K","-4.66%"
"04/30/2020","25,320.0","24,800.0","25,800.0","24,800.0","401.60K","1.20%"
"04/29/2020","25,020.0","25,600.0","26,320.0","24,900.0","381.55K","-1.88%"
"04/28/2020","25,500.0","24,800.0","25,540.0","24,560.0","395.49K","4.08%"
"04/27/2020","24,500.0","23,900.0","24,800.0","23,100.0","253.68K","6.34%"
"04/24/2020","23,040.0","24,500.0","24,500.0","23,040.0","205.10K","-5.96%"
"04/23/2020","24,500.0","25,700.0","25,700.0","24,040.0","179.47K","-1.13%"
"04/22/2020","24,780.0","25,000.0","25,000.0","23,940.0","324.50K","-0.08%"
"04/21/2020","24,800.0","26,000.0","26,000.0","24,300.0","428.65K","-5.34%"
"04/20/2020","26,200.0","26,100.0","26,800.0","26,000.0","111.32K","-1.13%"
"04/17/2020","26,500.0","27,140.0","27,140.0","26,500.0","142.46K","-1.41%"
"04/16/2020","26,880.0","26,040.0","26,880.0","25,800.0","224.72K","0.30%"
"04/15/2020","26,800.0","26,700.0","27,420.0","25,540.0","205.20K","0.30%"
"04/14/2020","26,720.0","26,960.0","28,680.0","26,720.0","183.49K","-0.89%"
"04/13/2020","26,960.0","26,200.0","26,960.0","25,500.0","104.94K","3.30%"
"04/08/2020","26,100.0","25,800.0","26,500.0","25,360.0","239.19K","0.38%"
"04/07/2020","26,000.0","26,000.0","27,020.0","25,760.0","421.29K","2.36%"
"04/06/2020","25,400.0","24,400.0","25,900.0","24,020.0","305.28K","6.72%"
"04/03/2020","23,800.0","23,940.0","23,940.0","23,460.0","446.59K","-4.42%"
"04/02/2020","24,900.0","23,500.0","24,900.0","23,080.0","192.25K","3.75%"
"04/01/2020","24,000.0","24,120.0","24,120.0","23,220.0","291.11K","-0.41%"
"03/31/2020","24,100.0","24,300.0","25,080.0","24,100.0","439.91K","-3.75%"
"03/30/2020","25,040.0","25,020.0","26,720.0","24,700.0","241.93K","-2.57%"
"03/27/2020","25,700.0","25,620.0","27,000.0","23,000.0","615.58K","-0.39%"
"03/26/2020","25,800.0","22,200.0","26,100.0","22,200.0","364.50K","17.27%"
"03/25/2020","22,000.0","18,900.0","22,400.0","18,900.0","155.06K","24.29%"
"03/24/2020","17,700.0","18,500.0","19,700.0","17,700.0","613.83K","-5.35%"
"03/20/2020","18,700.0","21,700.0","22,000.0","18,700.0","644.19K","-8.33%"
"03/19/2020","20,400.0","20,000.0","21,200.0","19,980.0","115.07K","2.00%"
"03/18/2020","20,000.0","22,880.0","22,880.0","18,680.0","194.29K","-12.59%"
"03/17/2020","22,880.0","23,500.0","25,000.0","22,880.0","466.41K","-2.64%"
"03/16/2020","23,500.0","27,500.0","27,500.0","23,100.0","195.59K","-17.83%"
"03/12/2020","28,600.0","28,300.0","28,600.0","27,000.0","129.14K","-4.35%"
"03/11/2020","29,900.0","31,600.0","31,700.0","29,900.0","212.31K","-5.74%"
"03/10/2020","31,720.0","31,440.0","32,900.0","31,260.0","472.57K","0.95%"
"03/09/2020","31,420.0","33,600.0","33,860.0","31,420.0","301.24K","-14.39%"
"03/06/2020","36,700.0","37,000.0","37,620.0","36,700.0","104.82K","-2.24%"
"03/05/2020","37,540.0","37,500.0","38,000.0","37,500.0","102.51K","0.11%"
"03/04/2020","37,500.0","37,980.0","38,220.0","37,260.0","410.36K","2.07%"
"03/03/2020","36,740.0","38,420.0","40,380.0","36,740.0","455.30K","-3.62%"
"03/02/2020","38,120.0","39,680.0","40,120.0","38,120.0","162.42K","-2.26%"
"02/28/2020","39,000.0","39,740.0","39,900.0","38,700.0","336.34K","-1.27%"
"02/27/2020","39,500.0","39,680.0","41,200.0","39,200.0","165.69K","-0.45%"
"02/26/2020","39,680.0","40,340.0","41,200.0","39,680.0","167.00K","-1.64%"
"02/25/2020","40,340.0","40,080.0","41,640.0","40,080.0","322.77K","0.65%"
"02/24/2020","40,080.0","40,360.0","40,380.0","39,740.0","86.08K","-1.09%"
"02/21/2020","40,520.0","43,600.0","43,600.0","40,320.0","246.16K","-7.28%"
"02/20/2020","43,700.0","44,700.0","44,700.0","43,700.0","58.15K","-1.09%"
"02/19/2020","44,180.0","44,240.0","44,440.0","43,900.0","229.23K","0.64%"
"02/18/2020","43,900.0","44,400.0","44,460.0","43,900.0","163.57K","-1.26%"
"02/17/2020","44,460.0","44,540.0","44,680.0","44,440.0","49.52K","-0.54%"
"02/14/2020","44,700.0","44,480.0","44,700.0","44,380.0","68.77K","0.49%"
"02/13/2020","44,480.0","43,980.0","44,480.0","43,920.0","32.11K","1.14%"
"02/12/2020","43,980.0","43,900.0","44,300.0","43,900.0","64.78K","0.05%"
"02/11/2020","43,960.0","43,700.0","44,840.0","43,700.0","123.38K","-1.17%"
"02/10/2020","44,480.0","44,480.0","44,520.0","43,960.0","334.41K","0.45%"
"02/07/2020","44,280.0","44,200.0","44,500.0","44,000.0","89.37K","0.18%"
"02/06/2020","44,200.0","43,780.0","44,200.0","43,720.0","178.05K","0.96%"
"02/05/2020","43,780.0","43,500.0","43,900.0","43,480.0","186.12K","1.25%"
"02/04/2020","43,240.0","42,940.0","43,500.0","42,600.0","160.51K","2.03%"
"02/03/2020","42,380.0","42,540.0","42,980.0","42,000.0","82.37K","-0.14%"
"01/31/2020","42,440.0","42,720.0","42,720.0","42,440.0","456.64K","-0.66%"
"01/30/2020","42,720.0","43,200.0","43,200.0","42,400.0","217.91K","-0.05%"
"01/29/2020","42,740.0","42,600.0","43,140.0","42,500.0","186.12K","0.33%"
"01/28/2020","42,600.0","43,240.0","43,240.0","42,600.0","140.88K","-0.28%"
"01/27/2020","42,720.0","43,680.0","43,680.0","42,720.0","46.25K","-2.69%"
"01/24/2020","43,900.0","43,700.0","44,000.0","43,700.0","92.78K","0.41%"
"01/23/2020","43,720.0","43,700.0","44,400.0","43,700.0","35.59K","0.09%"
"01/22/2020","43,680.0","44,000.0","44,460.0","43,680.0","21.68K","-0.77%"
"01/21/2020","44,020.0","44,580.0","44,580.0","44,020.0","71.42K","-1.26%"
"01/20/2020","44,580.0","44,500.0","44,580.0","43,920.0","9.93K","-0.04%"
"01/17/2020","44,600.0","44,000.0","44,680.0","43,980.0","108.05K","1.64%"
"01/16/2020","43,880.0","43,220.0","44,000.0","43,080.0","82.25K","2.09%"
"01/15/2020","42,980.0","42,620.0","42,980.0","42,600.0","169.97K","-0.05%"
"01/14/2020","43,000.0","42,960.0","43,000.0","42,600.0","83.56K","1.08%"
"01/13/2020","42,540.0","42,520.0","42,900.0","42,500.0","76.28K","-0.23%"
"01/10/2020","42,640.0","42,620.0","43,380.0","42,500.0","60.87K","-1.52%"
"01/09/2020","43,300.0","43,500.0","43,500.0","42,500.0","112.47K","-0.37%"
"01/08/2020","43,460.0","44,480.0","44,480.0","42,580.0","146.91K","-0.78%"
"01/07/2020","43,800.0","44,180.0","44,180.0","43,540.0","72.68K","-1.13%"
"01/03/2020","44,300.0","44,360.0","44,360.0","43,900.0","151.96K","-0.18%"
"01/02/2020","44,380.0","44,000.0","44,380.0","43,500.0","31.41K","0.86%"